Rk,Player,Age,Team,Pos,G,GS,MP,PER,TS%,3PAr,FTr,ORB%,DRB%,TRB%,AST%,STL%,BLK%,TOV%,USG%,OWS,DWS,WS,WS/48,OBPM,DBPM,BPM,VORP,Awards,year
1,Mikal Bridges,28,NYK,SF,54,54,2061,13.4,.578,.432,.078,2.7,6.7,4.7,11.9,1.3,1.3,8.9,19.0,2.4,1.1,3.4,.079,0.4,-1.3,-1.0,0.5,,2025
2,Josh Hart,29,NYK,SG,53,53,2003,17.9,.644,.324,.276,6.9,22.1,14.6,19.8,2.0,0.9,14.7,15.3,5.0,2.3,7.3,.175,2.1,1.4,3.5,2.8,,2025
3,Anthony Edwards,23,MIN,SG,54,54,1983,19.4,.587,.488,.283,2.4,14.9,8.8,21.2,1.6,1.6,12.9,31.7,2.5,2.7,5.1,.124,4.0,-0.1,3.9,2.9,,2025
4,Jayson Tatum,26,BOS,PF,52,52,1892,22.1,.589,.505,.322,1.8,24.1,12.9,25.2,1.6,1.3,10.7,30.7,4.0,3.1,7.1,.181,4.7,0.9,5.6,3.6,,2025
5,Domantas Sabonis,28,SAC,C,52,52,1879,23.4,.668,.177,.330,12.6,32.0,22.2,25.8,0.8,1.1,16.4,21.5,6.2,2.1,8.3,.211,4.5,0.8,5.3,3.5,,2025
6,Jalen Brunson,28,NYK,PG,53,53,1865,22.3,.609,.316,.386,1.4,7.7,4.6,32.3,1.3,0.2,10.2,29.4,6.4,0.9,7.3,.188,5.0,-1.9,3.1,2.4,,2025
7,Trae Young,26,ATL,PG,51,51,1847,17.5,.561,.486,.397,1.4,8.2,4.7,46.9,1.6,0.5,18.7,29.3,2.2,1.0,3.2,.084,2.5,-2.6,-0.1,0.9,,2025
8,De'Aaron Fox,27,2TM,PG,50,50,1842,18.9,.568,.319,.286,2.9,11.6,7.2,26.7,2.0,1.0,11.7,28.3,2.7,1.5,4.2,.109,1.8,-0.9,0.9,1.4,,2025
9,De'Aaron Fox,27,SAC,PG,45,45,1663,18.9,.567,.324,.279,3.0,12.0,7.4,25.9,1.9,1.2,11.8,28.7,2.3,1.4,3.6,.105,2.0,-0.9,1.1,1.3,,2025
10,De'Aaron Fox,27,SAS,PG,5,5,179,19.0,.582,.263,.363,1.8,8.2,5.0,34.5,2.4,0.0,9.7,24.5,0.4,0.1,0.6,.150,0.3,-0.8,-0.5,0.1,,2025
11,Rudy Gobert,32,MIN,C,55,55,1831,16.9,.676,.000,.547,11.9,22.6,17.3,7.9,1.0,4.3,14.4,12.3,4.1,3.0,7.1,.186,-0.1,1.3,1.2,1.5,,2025
12,Jalen Green,22,HOU,SG,55,55,1827,14.7,.547,.460,.229,1.8,12.3,6.9,14.1,1.2,0.9,11.6,27.2,1.2,2.1,3.3,.087,1.0,-0.8,0.3,1.1,,2025
13,Keegan Murray,24,SAC,PF,52,52,1820,11.2,.537,.525,.101,6.6,15.7,11.1,5.6,1.1,2.4,7.5,14.7,1.3,1.5,2.8,.073,-1.4,-0.9,-2.3,-0.2,,2025
14,Tyler Herro,25,MIA,SG,51,51,1814,19.0,.606,.546,.234,1.1,15.6,8.5,26.8,1.1,0.3,12.0,27.8,2.9,1.7,4.6,.121,3.7,-1.0,2.8,2.2,,2025
15,Shai Gilgeous-Alexander,26,OKC,PG,53,53,1804,31.0,.639,.267,.410,2.9,13.0,8.0,30.5,2.7,3.0,9.1,34.8,8.3,3.8,12.0,.320,8.7,3.1,11.8,6.3,,2025
16,DeMar DeRozan,35,SAC,SF,50,50,1799,17.3,.576,.173,.329,1.6,10.3,5.9,15.6,1.3,1.2,6.7,24.1,3.4,1.1,4.5,.120,0.6,-1.0,-0.4,0.7,,2025
17,Christian Braun,23,DEN,SG,54,52,1785,15.9,.660,.260,.276,4.6,12.0,8.5,8.7,1.6,1.5,7.8,15.8,4.1,1.4,5.5,.148,0.6,-0.5,0.1,1.0,,2025
18,Devin Booker,28,PHO,SG,48,48,1784,20.3,.593,.407,.380,2.9,8.8,6.0,29.4,1.4,0.6,10.8,29.4,4.4,0.5,4.9,.132,3.2,-2.0,1.2,1.4,,2025
19,Jaden McDaniels,24,MIN,PF,56,56,1780,12.5,.558,.394,.148,5.4,13.8,9.7,8.3,2.2,2.6,10.0,15.6,1.4,2.7,4.1,.111,-1.8,1.6,-0.1,0.9,,2025
20,OG Anunoby,27,NYK,PF,49,49,1778,14.3,.590,.450,.191,4.2,10.6,7.4,7.5,1.9,2.2,8.6,18.1,2.3,1.6,3.9,.104,0.1,-0.4,-0.2,0.8,,2025
21,Cade Cunningham,23,DET,PG,50,50,1777,20.0,.551,.303,.237,2.7,17.0,9.9,43.7,1.3,2.1,15.9,32.6,2.0,2.0,4.0,.108,3.6,-0.2,3.4,2.4,,2025
22,Kelly Oubre Jr.,29,PHI,SF,51,48,1770,13.5,.546,.334,.240,5.2,16.8,10.8,8.2,2.2,1.5,8.8,18.5,1.1,1.6,2.7,.072,-1.7,-0.4,-2.1,0.0,,2025
23,Tyrese Haliburton,24,IND,PG,52,52,1768,19.5,.589,.568,.218,2.0,9.7,5.9,35.0,1.9,1.8,10.7,21.5,4.5,1.3,5.7,.156,4.2,-0.5,3.7,2.6,,2025
24,Nikola Jokić,29,DEN,C,49,49,1762,33.4,.666,.228,.312,9.7,27.8,19.2,45.1,2.4,1.6,12.3,30.0,9.5,2.7,12.2,.334,10.8,3.5,14.3,7.2,,2025
25,Pascal Siakam,30,IND,PF,53,53,1761,20.2,.614,.279,.264,5.9,18.4,12.2,15.6,1.4,1.3,7.0,23.6,4.4,1.5,5.9,.160,2.8,-0.5,2.3,1.9,,2025
26,Derrick White,30,BOS,SG,52,52,1750,15.9,.600,.706,.171,3.0,10.6,6.8,18.3,1.2,3.0,10.9,19.5,3.2,2.2,5.4,.148,2.3,0.5,2.8,2.1,,2025
27,James Harden,35,LAC,PG,51,51,1749,18.7,.567,.515,.435,2.0,16.8,9.4,37.8,2.1,1.8,19.1,29.5,1.6,2.8,4.4,.121,2.5,0.8,3.3,2.3,,2025
28,Tyrese Maxey,24,PHI,PG,46,46,1748,20.8,.574,.447,.269,0.8,10.2,5.3,28.8,2.4,1.0,9.6,30.9,3.1,1.3,4.3,.119,3.9,-0.9,3.0,2.2,,2025
29,Bam Adebayo,27,MIA,C,51,51,1734,17.9,.539,.191,.300,8.4,23.7,16.1,21.2,1.8,2.2,12.6,23.1,1.5,2.6,4.1,.114,0.1,0.9,1.1,1.3,,2025
30,Nikola Vučević,34,CHI,C,54,54,1733,20.5,.619,.314,.151,7.8,25.4,16.7,16.9,1.3,1.8,9.6,22.3,3.7,1.7,5.4,.150,2.4,-0.2,2.2,1.9,,2025
31,Michael Porter Jr.,26,DEN,SF,52,52,1730,17.4,.638,.467,.191,6.0,15.1,10.8,8.9,0.9,1.3,8.4,20.6,3.7,1.2,4.9,.136,2.6,-1.8,0.8,1.2,,2025
32,Jamal Murray,27,DEN,PG,48,48,1728,17.5,.574,.342,.214,2.0,9.6,6.0,23.3,1.9,1.3,10.5,24.0,3.0,1.3,4.3,.120,1.3,-0.9,0.4,1.1,,2025
33,Toumani Camara,24,POR,PF,53,53,1713,11.4,.553,.480,.176,7.7,12.3,9.9,8.6,2.1,1.8,13.9,13.8,1.1,1.3,2.4,.068,-1.7,0.3,-1.4,0.3,,2025
34,Karl-Anthony Towns,29,NYK,C,49,49,1710,25.0,.644,.286,.350,10.4,33.2,22.0,14.4,1.4,2.0,11.8,27.0,5.4,2.5,7.9,.222,4.5,0.0,4.5,2.8,,2025
35,Dyson Daniels,21,ATL,SG,50,50,1698,14.8,.531,.275,.154,5.2,12.3,8.6,16.5,4.1,2.2,12.3,17.9,0.6,2.5,3.1,.086,-1.7,2.6,0.9,1.2,,2025
36,Tobias Harris,32,DET,PF,53,53,1692,13.4,.553,.336,.197,3.2,17.2,10.2,9.9,1.4,2.5,8.2,17.6,1.5,2.0,3.5,.099,-0.9,0.3,-0.5,0.6,,2025
37,Dillon Brooks,29,HOU,SF,52,52,1677,10.1,.541,.516,.149,3.8,8.7,6.2,6.7,1.2,0.6,7.6,17.3,1.5,1.7,3.3,.094,-1.8,-0.2,-2.1,0.0,,2025
38,Bilal Coulibaly,20,WAS,SF,50,50,1672,10.9,.513,.366,.302,4.5,11.4,7.9,15.2,1.9,2.0,14.7,17.6,-0.3,0.6,0.3,.008,-2.9,-0.7,-3.5,-0.7,,2025
39,Jalen Williams,23,OKC,SG,51,51,1662,19.7,.560,.286,.231,2.9,14.9,8.9,23.4,2.6,2.2,10.7,27.3,2.2,3.5,5.7,.164,2.1,1.8,3.9,2.5,,2025
40,Amen Thompson,22,HOU,SF,52,25,1658,18.0,.597,.133,.412,8.7,18.5,13.5,15.5,2.2,3.6,15.8,17.6,2.6,3.0,5.6,.162,0.9,2.4,3.2,2.2,,2025
41,LeBron James,40,LAL,SF,48,48,1658,23.1,.606,.312,.249,3.0,21.8,12.7,44.1,1.2,1.3,16.0,30.4,3.5,1.7,5.2,.150,5.2,0.4,5.6,3.2,,2025
42,Ivica Zubac,27,LAC,C,52,52,1657,21.3,.621,.000,.247,13.5,30.5,22.1,12.4,1.3,3.5,12.1,18.9,3.6,3.2,6.8,.197,1.5,0.9,2.4,1.8,,2025
43,Zach LaVine,29,2TM,SF,48,48,1655,18.0,.627,.432,.262,0.9,12.9,7.0,20.7,1.3,0.6,13.0,26.3,2.3,0.8,3.2,.092,2.3,-1.4,0.8,1.2,,2025
44,Zach LaVine,29,CHI,SF,42,42,1432,18.5,.637,.430,.256,0.9,13.7,7.4,20.9,1.3,0.6,13.3,26.6,2.1,0.7,2.8,.095,2.7,-1.4,1.3,1.2,,2025
45,Zach LaVine,29,SAC,SG,6,6,223,14.8,.558,.451,.304,1.0,7.9,4.4,19.4,1.3,0.4,10.8,24.7,0.2,0.1,0.3,.073,-0.3,-1.8,-2.1,0.0,,2025
46,Anfernee Simons,25,POR,SG,51,51,1654,14.9,.560,.526,.174,1.0,8.2,4.6,24.4,1.2,0.3,11.2,24.3,2.1,0.5,2.6,.075,1.6,-1.9,-0.3,0.7,,2025
47,Brook Lopez,36,MIL,C,52,52,1651,13.4,.593,.523,.146,4.1,11.6,8.0,7.4,1.1,5.7,8.9,15.4,1.6,1.9,3.5,.102,-0.3,0.4,0.1,0.9,,2025
48,Austin Reaves,26,LAL,SG,47,47,1634,17.4,.596,.511,.344,2.9,11.4,7.2,26.2,1.7,0.5,13.0,23.3,3.1,1.2,4.3,.127,1.9,-0.7,1.2,1.3,,2025
49,Jaylen Brown,28,BOS,SF,46,46,1624,17.7,.550,.323,.287,4.4,14.1,9.3,21.9,1.7,0.7,11.3,29.0,1.7,2.1,3.9,.114,0.4,-0.5,-0.1,0.8,,2025
50,Alperen Şengün,22,HOU,C,52,52,1615,21.9,.540,.094,.345,11.0,25.2,17.9,25.3,1.9,2.2,12.0,26.2,2.9,3.0,5.9,.175,3.0,2.0,4.9,2.8,,2025
51,Kyrie Irving,32,DAL,SG,44,44,1609,19.8,.597,.377,.221,3.6,10.5,7.1,20.6,1.8,0.9,10.0,26.8,3.5,1.2,4.7,.141,3.9,-0.6,3.3,2.2,,2025
52,Bennedict Mathurin,22,IND,SF,51,44,1607,13.6,.586,.341,.341,4.5,15.5,10.1,8.5,0.9,1.1,11.6,22.0,1.2,1.0,2.2,.065,-1.1,-1.9,-3.0,-0.4,,2025
53,Damian Lillard,34,MIL,PG,44,44,1606,21.9,.623,.517,.392,1.7,11.8,6.9,31.5,1.6,0.5,12.7,28.2,4.6,1.5,6.1,.182,4.9,-0.9,3.9,2.4,,2025
54,Kentavious Caldwell-Pope,31,ORL,SG,53,53,1603,9.2,.543,.626,.178,1.4,6.9,4.0,8.6,2.4,1.5,9.6,12.7,0.5,2.2,2.8,.083,-3.7,1.6,-2.0,0.0,,2025
55,Donovan Mitchell,28,CLE,SG,51,51,1596,21.2,.586,.497,.224,2.5,12.4,7.6,23.0,2.2,0.6,8.9,30.5,3.6,2.0,5.6,.167,4.1,-0.2,3.8,2.4,,2025
56,Fred VanVleet,30,HOU,PG,45,45,1596,13.6,.521,.595,.174,1.9,9.9,5.8,22.7,2.2,1.1,10.0,18.1,2.0,2.2,4.2,.127,0.1,1.3,1.4,1.4,,2025
57,Carlton Carrington,19,WAS,PG,54,39,1594,8.8,.528,.570,.104,1.4,12.8,7.0,18.9,1.2,0.6,15.3,14.3,0.1,0.2,0.3,.008,-3.4,-1.2,-4.6,-1.1,,2025
58,Darius Garland,25,CLE,PG,52,52,1571,21.7,.631,.446,.227,2.1,6.8,4.5,32.5,1.8,0.6,12.8,27.7,4.9,1.5,6.4,.196,5.2,-0.9,4.3,2.5,,2025
59,Tyus Jones,28,PHO,PG,53,53,1570,14.2,.585,.556,.098,2.2,6.8,4.6,28.7,1.5,0.4,12.8,16.2,2.8,0.3,3.1,.095,1.1,-1.5,-0.4,0.6,,2025
60,Julius Randle,30,MIN,PF,48,48,1564,17.2,.578,.328,.370,7.3,16.9,12.2,21.8,1.1,0.7,14.8,25.4,2.3,1.9,4.2,.128,1.1,-0.2,0.9,1.2,,2025
61,Coby White,24,CHI,SG,48,48,1563,13.5,.579,.576,.234,1.1,9.4,5.3,20.0,1.3,0.6,13.3,23.3,1.1,0.6,1.7,.051,-0.5,-2.0,-2.4,-0.2,,2025
62,Jarrett Allen,26,CLE,C,54,54,1559,22.1,.725,.007,.426,10.4,28.0,19.5,9.6,1.5,3.0,11.1,15.6,5.3,2.7,8.0,.248,3.1,1.1,4.2,2.5,,2025
63,Jaren Jackson Jr.,25,MEM,C,52,52,1548,20.8,.596,.315,.346,5.2,15.9,10.7,11.0,2.0,5.0,10.7,28.9,2.7,2.5,5.2,.160,2.1,0.9,3.0,2.0,,2025
64,Malik Monk,26,SAC,SG,47,34,1534,15.6,.552,.460,.195,1.4,11.5,6.5,26.1,1.5,1.9,12.1,24.2,1.5,1.2,2.7,.085,0.7,-0.7,-0.1,0.8,,2025
65,Victor Wembanyama,21,SAS,C,46,46,1527,24.3,.594,.470,.221,5.7,29.1,17.5,18.7,1.6,10.1,13.7,30.4,1.2,3.0,4.2,.133,3.6,2.9,6.5,3.3,,2025
66,Malik Beasley,28,DET,SG,55,12,1517,15.3,.596,.714,.120,2.3,9.1,5.7,9.4,1.7,0.1,7.0,22.8,2.2,1.3,3.4,.109,2.4,-1.1,1.3,1.3,,2025
67,Chris Paul,39,SAS,PG,52,52,1511,15.5,.573,.646,.193,1.7,12.8,7.3,37.3,2.2,0.6,15.8,14.0,3.2,1.3,4.5,.144,0.5,0.8,1.3,1.3,,2025
68,Norman Powell,31,LAC,SG,45,45,1511,19.4,.633,.462,.289,1.3,10.5,5.9,11.1,1.9,0.5,9.7,27.2,2.9,1.9,4.8,.153,3.1,-0.1,3.0,1.9,,2025
69,Payton Pritchard,27,BOS,PG,54,0,1507,17.5,.634,.737,.109,5.3,9.7,7.5,18.4,1.5,0.6,8.4,18.6,4.2,1.7,5.9,.187,3.3,0.2,3.5,2.1,,2025
70,Kevin Durant,36,PHO,PF,41,41,1495,22.0,.638,.313,.329,1.2,16.3,9.0,20.5,1.2,3.5,12.6,29.6,2.7,1.0,3.8,.121,4.1,-0.4,3.7,2.2,,2025
71,Deni Avdija,24,POR,SF,52,34,1490,15.7,.585,.418,.424,4.5,20.0,12.1,18.0,1.7,1.7,16.6,21.8,1.4,1.4,2.7,.087,0.2,0.2,0.5,0.9,,2025
72,Stephen Curry,36,GSW,PG,46,46,1483,20.0,.597,.624,.208,1.8,13.6,7.5,31.1,1.5,1.4,12.9,29.3,2.7,1.5,4.2,.135,5.6,-0.5,5.2,2.7,,2025
73,Jordan Poole,25,WAS,SG,47,47,1475,15.8,.574,.576,.268,1.6,9.3,5.4,25.7,2.2,1.4,15.5,29.0,0.4,0.5,0.9,.029,1.2,-1.6,-0.4,0.6,,2025
74,Anthony Davis,31,2TM,PF,43,43,1471,27.4,.602,.124,.421,9.8,29.2,19.8,17.3,1.8,5.8,9.3,30.3,3.9,2.6,6.5,.211,4.8,1.4,6.2,3.0,,2025
75,Anthony Davis,31,LAL,C,42,42,1440,27.2,.601,.124,.423,9.7,29.0,19.6,16.8,1.8,5.8,9.4,30.3,3.7,2.5,6.2,.207,4.5,1.3,5.9,2.9,,2025
76,Anthony Davis,31,DAL,PF,1,1,31,38.8,.630,.111,.333,14.4,41.0,28.0,40.6,0.0,8.4,4.6,29.8,0.2,0.1,0.3,.391,15.4,4.5,19.9,0.2,,2025
77,Naz Reid,25,MIN,C,55,8,1468,17.2,.607,.494,.167,4.4,18.6,11.6,12.2,1.4,3.0,9.4,21.4,2.4,2.2,4.6,.152,1.9,1.2,3.1,1.9,,2025
78,Josh Giddey,22,CHI,PG,51,51,1466,15.4,.542,.377,.218,5.9,19.7,12.9,30.7,1.8,1.8,19.4,20.3,0.9,1.3,2.3,.075,0.2,0.4,0.6,1.0,,2025
79,Harrison Barnes,32,SAS,PF,52,52,1457,14.3,.641,.476,.320,5.6,10.1,7.8,8.8,0.6,0.6,5.9,15.0,3.3,0.5,3.8,.124,1.2,-1.5,-0.3,0.6,,2025
80,Scottie Barnes,23,TOR,PF,42,42,1453,17.9,.527,.290,.273,4.8,20.3,12.5,28.4,2.1,3.2,13.6,26.9,0.5,1.6,2.1,.070,1.7,0.8,2.5,1.7,,2025
81,Luguentz Dort,25,OKC,SF,50,50,1451,11.7,.586,.681,.098,5.3,10.1,7.7,7.1,1.8,2.2,7.6,13.5,1.9,2.5,4.4,.145,-0.6,1.0,0.3,0.9,,2025
82,Dennis Schröder,31,3TM,PG,50,41,1449,12.6,.535,.459,.208,1.0,9.1,4.9,29.2,1.8,0.5,14.5,22.6,0.6,1.1,1.8,.059,-1.6,-1.0,-2.6,-0.2,,2025
83,Dennis Schröder,31,BRK,PG,23,23,772,16.3,.588,.462,.249,0.6,9.9,5.1,33.5,1.7,0.5,14.1,23.9,1.2,0.5,1.7,.105,1.1,-1.1,0.0,0.4,,2025
84,Dennis Schröder,31,GSW,SG,24,18,628,8.5,.474,.458,.155,1.6,8.1,4.7,24.0,1.9,0.5,15.2,21.1,-0.5,0.6,0.1,.006,-4.6,-0.8,-5.4,-0.5,,2025
85,Dennis Schröder,31,DET,PG,3,0,49,7.5,.409,.421,.211,0.0,9.0,4.5,29.1,1.0,0.0,12.6,20.5,0.0,0.0,0.0,-0.005,-4.7,-3.0,-7.7,-0.1,,2025
86,Tim Hardaway Jr.,32,DET,SG,51,51,1447,9.2,.569,.667,.226,0.8,8.2,4.5,7.5,0.8,0.2,7.3,14.9,1.3,0.8,2.1,.069,-1.7,-1.1,-2.8,-0.3,,2025
87,Jalen Wilson,24,BRK,PF,53,15,1446,8.5,.519,.550,.233,4.5,10.7,7.5,10.6,1.0,0.2,11.4,16.2,0.2,0.7,0.9,.030,-3.3,-1.3,-4.6,-0.9,,2025
88,Evan Mobley,23,CLE,PF,48,48,1441,22.8,.642,.223,.329,8.2,24.5,16.6,14.3,1.4,4.6,11.5,23.1,3.9,2.5,6.3,.211,3.1,1.4,4.5,2.4,,2025
89,Rui Hachimura,26,LAL,PF,45,45,1438,13.8,.619,.391,.197,5.3,12.7,9.1,6.4,1.3,1.3,7.8,16.1,2.1,1.1,3.2,.107,-0.2,-0.8,-1.0,0.4,,2025
90,Giannis Antetokounmpo,30,MIL,PF,41,41,1431,29.9,.620,.037,.513,7.3,29.2,18.6,33.3,1.0,3.5,11.8,36.2,4.0,2.3,6.3,.211,6.2,1.9,8.1,3.7,,2025
91,Shaedon Sharpe,21,POR,SG,47,31,1418,13.6,.544,.427,.216,2.6,11.3,6.9,13.2,1.3,0.6,10.4,24.5,0.6,0.6,1.3,.044,-0.6,-1.7,-2.3,-0.1,,2025
92,Gradey Dick,21,TOR,SG,48,48,1416,11.4,.547,.496,.240,2.8,9.6,6.2,9.0,1.4,0.7,10.0,21.9,0.4,0.6,1.0,.034,-1.5,-1.7,-3.3,-0.5,,2025
93,Yves Missi,20,NOP,C,52,46,1408,14.8,.572,.003,.409,13.2,18.9,16.0,7.1,1.0,5.0,13.6,13.4,1.8,0.7,2.5,.084,-2.0,-1.3,-3.3,-0.5,,2025
94,Myles Turner,28,IND,C,46,46,1407,14.8,.596,.454,.271,4.8,19.1,12.0,6.9,1.3,5.4,13.3,20.6,0.6,1.6,2.2,.075,-0.9,-0.1,-1.0,0.4,,2025
95,P.J. Washington,26,DAL,PF,43,42,1400,14.1,.544,.359,.279,5.6,21.5,13.7,9.8,1.8,2.8,12.4,19.6,0.6,1.8,2.4,.082,-0.9,0.5,-0.4,0.6,,2025
96,Jaylen Wells,21,MEM,SG,54,49,1394,11.3,.580,.552,.187,4.6,8.4,6.5,8.2,1.1,0.4,8.9,16.4,1.8,1.1,2.9,.101,-0.6,-0.9,-1.4,0.2,,2025
97,RJ Barrett,24,TOR,SF,42,42,1393,16.9,.551,.303,.312,3.2,18.5,10.8,27.6,1.2,0.9,13.1,28.9,0.6,1.0,1.6,.055,1.3,-0.8,0.4,0.9,,2025
98,Keyonte George,21,UTA,PG,44,32,1390,12.9,.539,.560,.297,1.5,11.0,6.3,28.5,1.1,0.5,15.9,24.1,0.8,0.1,0.9,.031,-0.1,-2.5,-2.6,-0.2,,2025
99,Trey Murphy III,24,NOP,SF,39,37,1390,18.7,.614,.524,.297,2.5,13.6,7.8,16.2,1.6,1.9,8.8,23.7,3.0,0.4,3.4,.116,3.1,-1.3,1.7,1.3,,2025
100,Jakob Poeltl,29,TOR,C,45,44,1389,19.1,.624,.004,.255,12.2,23.6,17.9,13.9,1.8,4.0,14.6,18.2,2.3,1.7,4.1,.140,0.2,0.9,1.1,1.1,,2025
101,Taurean Prince,30,MIL,SF,53,46,1381,10.0,.622,.650,.086,2.1,12.9,7.7,10.1,1.5,0.5,13.8,12.4,1.1,1.3,2.4,.082,-1.9,-0.1,-1.9,0.0,,2025
102,CJ McCollum,33,NOP,PG,41,41,1373,16.7,.562,.447,.186,2.2,10.1,6.0,19.0,1.1,1.5,8.2,27.5,1.4,0.0,1.4,.050,1.8,-2.8,-0.9,0.3,,2025
103,Nickeil Alexander-Walker,26,MIN,SG,56,8,1370,10.7,.577,.615,.141,2.7,11.1,7.0,14.6,1.2,1.2,14.1,15.8,1.0,1.5,2.5,.087,-1.4,0.3,-1.0,0.3,,2025
104,Spencer Dinwiddie,31,DAL,PG,54,19,1366,13.2,.567,.499,.357,0.9,9.1,5.1,19.6,1.7,0.7,11.2,17.6,1.9,0.9,2.9,.101,-0.6,-0.3,-0.9,0.4,,2025
105,Ochai Agbaji,24,TOR,SG,49,37,1364,12.1,.609,.476,.105,3.4,11.4,7.4,8.0,1.5,2.0,8.1,14.1,1.5,0.8,2.3,.080,-0.4,0.0,-0.5,0.5,,2025
106,Andrew Wiggins,29,2TM,SF,45,45,1361,16.2,.561,.426,.307,5.3,11.0,8.0,12.3,1.5,2.4,7.8,23.3,1.8,1.4,3.1,.111,1.4,-0.5,0.9,1.0,,2025
107,Andrew Wiggins,29,GSW,SF,43,43,1296,16.5,.566,.422,.304,5.2,11.1,8.1,12.1,1.5,2.4,7.7,23.4,1.8,1.3,3.1,.115,1.5,-0.6,0.9,1.0,,2025
108,Andrew Wiggins,29,MIA,SF,2,2,65,10.5,.429,.542,.375,6.8,8.2,7.5,17.5,1.5,2.9,9.7,21.0,0.0,0.1,0.0,.016,-1.2,0.9,-0.2,0.0,,2025
109,Max Christie,21,2TM,SG,52,27,1361,11.5,.605,.544,.306,2.6,9.9,6.3,8.7,1.5,1.7,11.1,14.8,1.4,1.0,2.4,.085,-1.2,-0.2,-1.5,0.2,,2025
110,Max Christie,21,LAL,SG,46,25,1154,10.6,.598,.566,.302,2.5,9.3,6.0,7.6,1.5,1.7,10.7,13.9,1.0,0.8,1.8,.077,-1.7,-0.2,-1.9,0.0,,2025
111,Max Christie,21,DAL,SG,6,2,207,16.4,.633,.458,.319,2.7,13.3,8.1,14.3,1.6,1.7,12.7,19.4,0.4,0.2,0.6,.129,1.5,-0.4,1.1,0.2,,2025
112,Guerschon Yabusele,29,PHI,C,51,27,1356,15.2,.635,.489,.231,7.8,16.7,12.0,11.4,1.5,1.5,12.9,16.6,2.3,1.0,3.3,.117,0.4,-0.8,-0.3,0.6,,2025
113,Amir Coffey,27,LAC,SG,52,11,1345,11.5,.626,.496,.246,2.2,8.1,5.2,6.1,1.1,0.5,8.1,15.1,1.9,1.3,3.2,.116,-1.2,-0.2,-1.4,0.2,,2025
114,Josh Green,24,CHO,SG,47,46,1343,8.3,.576,.571,.173,3.4,7.0,5.2,7.2,1.9,0.8,12.1,11.2,0.8,1.0,1.7,.062,-4.0,0.4,-3.6,-0.6,,2025
115,Ayo Dosunmu,25,CHI,SG,44,26,1343,13.1,.590,.421,.178,2.0,9.6,5.9,20.9,1.4,1.2,12.2,16.5,1.7,0.6,2.4,.085,-1.3,-0.6,-1.9,0.0,,2025
116,Terry Rozier,30,MIA,PG,47,21,1340,11.3,.514,.471,.171,3.0,12.6,7.8,15.4,1.0,1.0,10.4,20.8,-0.1,1.1,1.0,.036,-2.1,-1.2,-3.3,-0.4,,2025
117,Jalen Duren,21,DET,C,52,52,1337,20.6,.707,.000,.407,15.5,28.2,21.9,14.2,1.3,4.3,19.6,15.6,3.5,2.2,5.6,.203,0.9,1.3,2.2,1.4,,2025
118,Jrue Holiday,34,BOS,PG,44,44,1330,13.0,.564,.560,.149,4.0,11.7,7.9,16.8,1.6,1.3,12.1,16.0,1.7,1.7,3.3,.120,-0.5,0.7,0.2,0.8,,2025
119,Jerami Grant,30,POR,PF,41,41,1330,11.5,.533,.501,.291,1.9,9.4,5.6,9.8,1.1,3.0,8.9,19.6,0.8,0.7,1.4,.052,-0.9,-0.7,-1.6,0.1,,2025
120,Russell Westbrook,36,DEN,PG,48,27,1328,15.9,.556,.337,.310,5.8,14.1,10.1,30.0,2.6,1.6,20.7,22.5,0.8,1.5,2.3,.084,0.1,0.4,0.5,0.8,,2025
121,Lauri Markkanen,27,UTA,PF,41,41,1317,16.7,.583,.566,.286,5.6,15.1,10.4,8.0,1.2,1.2,7.7,23.8,2.3,0.4,2.6,.096,2.5,-2.0,0.5,0.8,,2025
122,Corey Kispert,25,WAS,SF,49,0,1313,11.2,.586,.582,.134,2.6,9.5,6.0,9.2,0.9,0.7,9.6,17.2,0.9,-0.1,0.9,.031,-1.4,-2.2,-3.6,-0.6,,2025
123,Collin Sexton,26,UTA,SG,46,44,1313,16.7,.600,.338,.288,4.1,7.0,5.6,23.9,1.1,0.3,14.2,26.2,2.3,-0.1,2.2,.080,1.9,-2.4,-0.6,0.5,,2025
124,Desmond Bane,26,MEM,SG,43,42,1311,17.9,.608,.417,.187,3.2,16.6,10.1,24.5,1.8,1.2,14.6,22.8,2.4,1.7,4.2,.153,2.6,0.7,3.3,1.8,,2025
125,Klay Thompson,34,DAL,SF,48,48,1310,13.1,.558,.645,.071,2.5,11.2,7.0,10.6,1.4,1.5,9.8,21.6,0.6,1.0,1.6,.058,1.0,-1.2,-0.2,0.6,,2025
126,Derrick Jones Jr.,27,LAC,SF,52,48,1306,13.5,.600,.344,.172,6.0,10.0,8.0,5.1,2.3,1.5,9.6,16.5,1.4,1.9,3.3,.120,-1.2,0.8,-0.4,0.5,,2025
127,Stephon Castle,20,SAS,PG,51,29,1303,12.1,.515,.352,.316,3.4,8.2,5.8,20.6,1.6,0.9,13.3,24.1,-0.2,0.8,0.5,.020,-2.3,-1.5,-3.8,-0.6,,2025
128,Buddy Hield,32,GSW,SG,55,22,1296,11.5,.545,.684,.080,2.4,12.9,7.5,10.4,1.8,1.2,10.2,20.9,0.0,1.4,1.4,.053,-1.3,-0.5,-1.8,0.0,,2025
129,Anthony Black,21,ORL,PG,52,9,1295,10.7,.515,.307,.356,2.6,10.1,6.1,20.8,2.1,2.0,17.0,18.9,-0.4,1.9,1.4,.053,-3.6,0.8,-2.7,-0.2,,2025
130,Tristan Da Silva,23,ORL,SF,52,35,1294,10.3,.535,.501,.137,5.3,13.1,8.9,10.2,1.0,1.0,10.5,15.1,0.6,1.5,2.1,.077,-2.0,-0.3,-2.3,-0.1,,2025
131,Jalen Johnson,23,ATL,SF,36,36,1284,17.3,.569,.260,.232,5.1,25.7,15.1,21.1,2.0,2.6,15.1,22.4,0.8,1.7,2.4,.091,0.3,1.3,1.6,1.2,,2025
132,Julian Champagnie,23,SAS,SF,52,26,1283,11.5,.575,.732,.124,3.3,13.6,8.5,6.9,1.6,1.5,10.2,16.6,0.6,1.0,1.6,.060,-0.9,-0.6,-1.5,0.2,,2025
133,Walker Kessler,23,UTA,C,42,42,1276,20.7,.708,.021,.390,16.4,26.1,21.3,7.6,0.9,7.6,16.0,13.2,3.1,1.3,4.4,.165,1.5,0.6,2.1,1.3,,2025
134,Cason Wallace,21,OKC,SG,46,32,1259,11.2,.524,.433,.058,4.3,9.1,6.7,10.9,3.1,2.1,9.6,11.9,0.8,2.5,3.4,.128,-2.2,2.9,0.6,0.8,,2025
135,Kyshawn George,21,WAS,SG,48,18,1256,8.0,.499,.682,.169,3.1,12.8,7.9,11.5,1.6,2.1,13.9,15.0,-0.6,0.4,-0.1,-0.005,-4.2,-0.8,-5.0,-0.9,,2025
136,Nic Claxton,25,BRK,C,47,39,1249,16.1,.554,.037,.283,8.8,24.3,16.3,12.0,1.8,5.3,11.9,17.1,0.9,1.8,2.7,.104,-1.4,1.5,0.1,0.7,,2025
137,Scoot Henderson,20,POR,PG,47,9,1245,13.7,.557,.412,.320,2.8,9.8,6.2,29.5,2.1,0.9,19.0,21.9,0.7,0.8,1.5,.058,-0.8,-0.7,-1.4,0.2,,2025
138,Cameron Johnson,28,BRK,PF,39,39,1243,18.5,.652,.577,.280,2.9,12.5,7.5,15.9,1.2,1.6,10.1,22.4,2.9,0.9,3.8,.147,4.1,-0.4,3.7,1.8,,2025
139,Julian Strawther,22,DEN,SG,55,4,1242,9.8,.564,.556,.172,1.5,9.2,5.6,7.5,1.4,1.1,9.5,17.6,0.6,0.8,1.4,.054,-2.8,-1.4,-4.2,-0.7,,2025
140,Royce O'Neale,31,PHO,SF,48,15,1240,12.7,.586,.738,.058,3.5,17.4,10.7,11.5,1.8,1.9,9.9,15.5,1.1,1.0,2.1,.080,0.0,0.0,0.0,0.6,,2025
141,Onyeka Okongwu,24,ATL,C,48,14,1225,19.2,.628,.190,.331,11.6,22.6,17.0,12.0,1.6,3.2,9.6,17.1,3.0,1.4,4.4,.171,0.9,0.5,1.4,1.0,,2025
142,Miles Bridges,26,CHO,PF,38,38,1221,17.0,.536,.404,.222,3.4,22.9,12.9,20.4,1.0,1.9,10.0,26.8,0.9,1.3,2.2,.086,1.6,-0.4,1.2,1.0,,2025
143,Keon Johnson,22,BRK,SG,52,32,1210,9.7,.478,.518,.166,3.6,14.4,8.8,13.1,2.0,1.5,10.5,21.8,-1.0,1.2,0.1,.006,-3.7,-0.3,-4.0,-0.6,,2025
144,Duncan Robinson,30,MIA,SF,50,30,1207,11.4,.573,.722,.084,1.2,9.1,5.2,16.8,1.1,0.4,10.7,19.1,0.7,0.9,1.6,.064,-1.1,-1.1,-2.2,-0.1,,2025
145,Deandre Ayton,26,POR,C,40,40,1206,17.9,.583,.068,.128,11.1,26.1,18.4,8.7,1.3,3.0,12.2,19.7,1.3,1.3,2.6,.104,-0.3,-0.7,-1.0,0.3,,2025
146,Gary Trent Jr.,26,MIL,SG,48,7,1204,11.3,.596,.657,.108,1.0,8.7,5.0,6.2,1.9,0.2,6.5,16.1,1.0,1.1,2.0,.081,-1.6,-0.3,-1.9,0.0,,2025
147,Quentin Grimes,24,2TM,SG,51,13,1201,14.1,.599,.549,.229,3.4,14.9,9.3,13.7,1.5,1.0,12.5,18.6,1.5,1.0,2.5,.098,0.5,-0.4,0.2,0.7,,2025
148,Quentin Grimes,24,DAL,SG,47,12,1070,13.5,.599,.551,.222,3.1,14.7,9.1,13.1,1.5,0.8,13.2,18.4,1.1,0.9,2.0,.091,0.2,-0.3,-0.1,0.5,,2025
149,Quentin Grimes,24,PHI,SG,4,1,131,19.1,.597,.540,.280,5.9,16.6,11.0,18.3,1.5,2.3,6.6,20.3,0.3,0.1,0.4,.153,3.5,-0.6,2.9,0.2,,2025
150,Bradley Beal,31,PHO,SG,37,23,1197,15.2,.600,.381,.204,2.5,8.8,5.7,16.6,1.7,1.8,12.0,22.4,1.2,0.5,1.7,.070,-0.1,-1.0,-1.0,0.3,,2025
151,Aaron Wiggins,26,OKC,SG,54,19,1191,15.9,.604,.468,.103,5.2,12.6,8.9,9.9,1.7,1.1,8.6,19.0,1.9,2.0,3.9,.159,1.3,0.2,1.4,1.0,,2025
152,Franz Wagner,23,ORL,SF,36,36,1189,22.2,.570,.323,.293,3.3,17.5,9.9,29.5,2.1,1.2,9.5,32.1,2.1,1.9,4.0,.160,4.0,1.0,5.0,2.1,,2025
153,Keon Ellis,25,SAC,SG,53,11,1188,14.1,.668,.696,.191,3.8,8.9,6.3,7.3,3.0,3.2,12.2,13.2,1.8,1.4,3.2,.128,0.5,1.7,2.2,1.3,,2025
154,Mike Conley,37,MIN,PG,47,41,1179,13.1,.542,.663,.195,2.3,9.4,5.9,25.3,2.4,0.7,12.5,15.0,1.7,1.5,3.3,.134,-0.4,1.5,1.0,0.9,,2025
155,Patrick Williams,23,CHI,PF,45,35,1179,8.8,.494,.522,.168,3.0,12.9,8.0,10.3,1.3,2.0,12.6,16.9,-0.7,0.7,0.0,-0.001,-3.1,-0.9,-4.1,-0.6,,2025
156,Davion Mitchell,26,2TM,PG,47,25,1175,8.0,.533,.477,.147,1.6,6.7,4.1,23.9,1.4,0.7,22.2,13.1,0.1,0.4,0.5,.021,-3.8,-0.5,-4.3,-0.7,,2025
157,Davion Mitchell,26,TOR,PG,44,22,1080,8.0,.536,.480,.152,1.6,7.0,4.3,24.5,1.4,0.7,23.1,13.2,0.0,0.4,0.4,.019,-3.8,-0.6,-4.3,-0.6,,2025
158,Davion Mitchell,26,MIA,PG,3,3,95,7.9,.503,.455,.091,1.2,3.4,2.3,16.1,1.6,1.0,11.6,12.0,0.0,0.1,0.1,.044,-3.8,0.2,-3.6,0.0,,2025
159,Draymond Green,34,GSW,PF,41,39,1168,12.2,.537,.500,.304,3.6,18.4,10.7,26.4,2.2,3.7,23.7,15.3,0.2,1.8,2.0,.081,-2.2,2.6,0.4,0.7,,2025
160,Haywood Highsmith,28,MIA,SF,49,39,1163,9.9,.589,.590,.112,3.8,10.2,7.0,7.4,1.9,2.5,11.8,11.3,0.7,1.3,2.0,.081,-2.8,0.9,-1.9,0.0,,2025
161,Bobby Portis,29,MIL,PF,46,7,1160,17.6,.538,.296,.120,7.9,26.7,17.6,13.6,1.3,2.0,8.7,24.1,0.8,1.7,2.5,.103,0.4,-0.6,-0.1,0.5,,2025
162,Peyton Watson,22,DEN,SF,48,12,1158,11.9,.568,.316,.340,3.9,11.3,7.8,7.5,1.7,4.5,11.2,14.0,0.9,1.2,2.0,.085,-1.6,0.5,-1.1,0.3,,2025
163,D'Angelo Russell,28,2TM,PG,45,23,1154,14.9,.540,.540,.227,1.4,11.2,6.3,30.7,1.9,1.5,13.7,24.2,0.8,1.0,1.8,.074,0.5,-0.4,0.1,0.6,,2025
164,D'Angelo Russell,28,LAL,PG,29,10,763,13.0,.537,.540,.170,1.2,10.4,5.9,25.8,1.5,0.5,13.0,22.2,0.4,0.5,0.9,.056,-0.6,-1.1,-1.7,0.1,,2025
165,D'Angelo Russell,28,BRK,PG,16,13,391,18.6,.544,.540,.321,1.7,12.9,7.1,40.2,2.7,3.3,14.8,28.2,0.4,0.5,0.9,.110,2.7,1.1,3.8,0.6,,2025
166,Al Horford,38,BOS,C,43,29,1147,11.4,.541,.710,.059,4.5,17.9,11.2,9.4,1.0,3.1,9.0,13.1,0.9,1.6,2.6,.108,-0.6,1.0,0.4,0.7,,2025
167,Zaccharie Risacher,19,ATL,SF,48,46,1142,11.3,.526,.418,.218,5.4,9.8,7.6,7.4,1.5,1.8,8.9,20.5,0.1,0.8,0.9,.037,-2.6,-1.6,-4.2,-0.6,,2025
168,Georges Niang,31,2TM,PF,54,2,1137,11.6,.619,.643,.089,3.6,15.5,9.7,8.5,0.9,0.7,11.2,16.7,1.3,1.1,2.4,.101,-1.0,-0.5,-1.5,0.1,,2025
169,Georges Niang,31,CLE,PF,51,1,1053,11.1,.617,.647,.083,3.6,15.5,9.8,8.2,0.8,0.6,11.7,16.5,1.1,1.0,2.1,.096,-1.2,-0.6,-1.8,0.1,,2025
170,Georges Niang,31,ATL,PF,3,1,84,17.5,.639,.606,.152,3.7,14.6,9.0,12.1,2.2,2.2,5.4,18.1,0.2,0.1,0.3,.158,1.4,0.4,1.7,0.1,,2025
171,Keldon Johnson,25,SAS,SF,49,0,1135,13.7,.546,.376,.254,5.9,14.5,10.3,8.8,1.2,0.9,7.5,21.0,0.9,0.8,1.6,.069,-1.1,-1.5,-2.5,-0.2,,2025
172,Santi Aldama,24,MEM,PF,46,11,1129,18.1,.597,.463,.147,7.1,21.2,14.3,14.5,1.5,1.9,9.0,19.1,2.4,1.6,4.0,.169,3.2,0.7,3.9,1.7,,2025
173,Alex Sarr,19,WAS,C,42,42,1129,12.5,.479,.423,.193,6.9,19.1,12.9,12.5,1.1,5.3,10.4,20.6,-0.6,0.7,0.1,.004,-2.5,-0.8,-3.2,-0.4,,2025
174,Devin Vassell,24,SAS,SG,37,26,1128,13.4,.538,.460,.142,2.1,10.0,6.1,14.7,1.8,1.3,9.1,22.8,0.2,0.8,1.0,.043,-0.9,-0.9,-1.8,0.1,,2025
175,Paul George,34,PHI,PF,35,35,1124,14.7,.540,.465,.173,2.0,17.8,9.5,22.0,2.7,1.4,14.7,24.1,-0.1,1.2,1.1,.045,-0.5,0.2,-0.4,0.5,,2025
176,Scotty Pippen Jr.,24,MEM,PG,54,16,1118,15.0,.564,.369,.294,4.0,12.7,8.4,27.6,2.6,1.6,17.6,19.6,1.4,1.6,3.0,.128,-0.6,1.6,1.0,0.8,,2025
177,Daniel Gafford,26,DAL,C,51,28,1115,24.7,.716,.000,.478,13.9,20.0,17.0,10.0,0.9,7.5,12.2,19.1,4.1,1.5,5.6,.241,2.7,1.3,4.0,1.7,,2025
178,De'Andre Hunter,27,2TM,SF,39,5,1114,15.7,.619,.509,.356,2.5,12.3,7.3,7.7,1.4,0.4,9.2,23.9,1.7,0.7,2.4,.105,0.8,-1.3,-0.5,0.4,,2025
179,De'Andre Hunter,27,ATL,SF,37,4,1064,15.8,.616,.502,.358,2.7,12.3,7.4,8.0,1.4,0.4,9.4,24.1,1.6,0.7,2.3,.102,0.8,-1.4,-0.6,0.4,,2025
180,De'Andre Hunter,27,CLE,SF,2,1,50,14.8,.693,.684,.316,0.0,12.7,6.5,0.0,1.9,0.0,4.4,19.3,0.1,0.1,0.2,.166,0.5,0.1,0.5,0.0,,2025
181,Nikola Jović,21,MIA,PF,44,10,1106,13.8,.594,.557,.238,2.5,14.3,8.5,17.2,1.6,1.0,12.9,18.5,1.1,1.2,2.3,.099,-0.4,0.3,-0.1,0.5,,2025
182,John Collins,27,UTA,PF,36,27,1099,18.8,.633,.272,.321,8.0,21.4,14.7,11.3,1.6,3.4,15.7,23.4,1.6,0.8,2.4,.107,1.2,-0.3,0.9,0.8,,2025
183,Javonte Green,31,NOP,SG,50,18,1092,10.9,.569,.482,.295,4.7,13.2,8.8,5.5,2.4,2.6,10.0,10.9,0.8,0.6,1.4,.061,-2.5,0.2,-2.2,-0.1,,2025
184,Isaiah Collier,20,UTA,PG,46,21,1089,8.1,.472,.335,.174,1.7,12.5,7.2,34.6,1.7,0.9,28.2,17.9,-1.2,0.3,-0.9,-0.038,-4.5,-1.6,-6.1,-1.2,,2025
185,Wendell Carter Jr.,25,ORL,C,43,26,1082,13.9,.542,.321,.427,7.9,25.8,16.3,13.6,1.6,1.8,11.0,15.7,1.1,1.8,2.9,.130,-2.1,1.2,-0.9,0.3,,2025
186,LaMelo Ball,23,CHO,PG,33,33,1078,21.0,.544,.524,.231,3.0,14.0,8.4,43.9,2.0,0.9,12.5,37.3,1.2,1.1,2.3,.101,5.0,-0.3,4.7,1.8,,2025
187,Grayson Allen,29,PHO,SG,43,3,1074,14.6,.639,.743,.215,2.9,11.7,7.4,11.9,1.9,1.1,10.6,17.1,1.7,0.6,2.3,.101,1.3,-0.7,0.6,0.7,,2025
188,Kris Dunn,30,LAC,PG,47,31,1071,10.7,.503,.517,.052,3.9,12.8,8.4,17.0,3.5,1.4,15.9,13.2,0.1,2.0,2.1,.093,-3.3,3.4,0.0,0.6,,2025
189,Naji Marshall,27,DAL,SF,43,14,1069,14.7,.592,.329,.188,4.4,12.2,8.4,14.7,1.9,0.5,12.6,18.7,1.3,0.9,2.2,.100,-0.2,0.0,-0.2,0.5,,2025
190,Jaime Jaquez Jr.,23,MIA,SF,46,11,1063,13.6,.528,.263,.343,6.1,16.0,11.1,17.6,2.4,0.8,14.8,19.7,0.2,1.4,1.6,.074,-2.2,0.6,-1.6,0.1,,2025
191,Goga Bitadze,25,ORL,C,45,41,1063,19.5,.631,.075,.337,12.4,27.8,19.6,14.7,1.7,6.8,16.1,15.0,1.9,2.3,4.1,.187,-0.2,2.8,2.6,1.2,,2025
192,Brandin Podziemski,21,GSW,SG,42,11,1063,13.4,.532,.486,.184,4.0,16.0,9.8,19.7,2.1,0.7,10.7,16.9,1.0,1.3,2.3,.103,-1.1,1.1,-0.1,0.5,,2025
193,Jonas Valančiūnas,32,2TM,C,54,12,1060,20.3,.599,.060,.264,12.9,29.7,21.2,18.0,1.1,2.7,15.9,23.3,1.5,0.9,2.4,.108,0.6,-0.6,0.0,0.5,,2025
194,Jonas Valančiūnas,32,WAS,C,49,12,983,20.7,.602,.064,.251,12.6,30.6,21.5,18.6,1.1,2.6,15.8,23.6,1.4,0.8,2.2,.108,0.9,-0.6,0.3,0.6,,2025
195,Jonas Valančiūnas,32,SAC,C,5,0,77,15.2,.561,.000,.480,17.1,17.2,17.2,10.8,1.3,3.7,16.5,20.0,0.1,0.1,0.2,.107,-3.8,-0.4,-4.2,0.0,,2025
196,Donte DiVincenzo,28,MIN,SG,40,8,1057,12.7,.557,.748,.134,2.4,12.8,7.7,19.8,2.2,0.6,15.2,19.1,0.6,1.4,2.0,.092,-0.2,1.0,0.9,0.8,,2025
197,Andrew Nembhard,25,IND,SG,37,37,1049,12.5,.557,.282,.299,2.2,10.7,6.5,22.8,2.2,0.4,15.7,17.1,0.8,0.8,1.6,.072,-2.3,0.1,-2.2,-0.1,,2025
198,Isaiah Joe,25,OKC,SG,49,11,1044,12.8,.592,.785,.079,2.5,10.1,6.3,8.6,1.5,0.6,5.5,17.0,1.5,1.6,3.1,.142,0.5,0.1,0.6,0.7,,2025
199,Jake LaRavia,23,2TM,PF,51,0,1028,13.2,.600,.385,.397,7.6,14.2,11.0,16.1,2.1,2.0,19.8,14.3,1.2,1.4,2.6,.122,-0.3,1.4,1.1,0.8,,2025
200,Jake LaRavia,23,MEM,PF,47,0,982,13.5,.605,.373,.398,7.4,14.5,11.0,16.5,2.1,1.8,19.6,14.3,1.3,1.3,2.6,.128,-0.1,1.5,1.4,0.9,,2025
201,Jake LaRavia,23,SAC,PF,4,0,46,8.2,.470,.636,.364,11.9,7.2,9.6,8.3,2.1,4.2,23.9,15.5,-0.1,0.0,0.0,-0.021,-3.9,-0.5,-4.4,0.0,,2025
202,Miles McBride,24,NYK,PG,44,0,1022,12.8,.553,.583,.145,3.7,7.7,5.7,14.5,1.9,0.6,7.7,16.5,1.5,0.7,2.2,.101,0.1,-0.3,-0.2,0.5,,2025
203,Jabari Smith Jr.,21,HOU,PF,33,33,1021,12.4,.568,.505,.240,6.0,16.7,11.2,4.4,0.6,2.8,8.0,15.2,1.3,1.3,2.7,.126,-0.6,0.3,-0.3,0.4,,2025
204,Kyle Kuzma,29,2TM,PF,36,33,1020,10.7,.491,.351,.243,3.1,19.6,11.3,14.1,1.0,0.7,13.0,26.5,-1.7,0.4,-1.3,-0.060,-3.1,-2.3,-5.3,-0.9,,2025
205,Kyle Kuzma,29,WAS,PF,32,30,887,10.7,.488,.352,.215,3.1,18.9,10.9,14.6,1.1,0.7,12.8,26.8,-1.5,0.3,-1.3,-0.069,-2.9,-2.4,-5.3,-0.8,,2025
206,Kyle Kuzma,29,MIL,PF,4,3,133,10.6,.516,.346,.481,2.5,24.1,13.6,10.7,0.7,0.7,14.9,24.2,-0.2,0.1,0.0,-0.002,-4.2,-1.0,-5.2,-0.1,,2025
207,Dejounte Murray,28,NOP,PG,31,31,1012,15.6,.494,.352,.251,1.7,20.3,10.7,34.9,3.0,1.1,16.2,27.3,-0.6,0.8,0.2,.009,-1.1,-0.4,-1.5,0.1,,2025
208,Dalton Knecht,23,LAL,SF,49,12,1011,12.5,.599,.617,.164,2.8,13.4,8.2,6.0,0.8,0.3,5.9,17.8,1.2,0.6,1.8,.084,-0.4,-1.8,-2.3,-0.1,,2025
209,Clint Capela,30,ATL,C,45,41,1010,17.8,.577,.000,.258,15.3,28.4,21.6,7.7,1.2,4.1,10.7,16.6,1.5,1.3,2.8,.133,-0.7,-0.4,-1.1,0.2,,2025
210,A.J. Green,25,MIL,SG,46,5,1008,9.7,.622,.841,.065,1.2,9.6,5.6,7.5,1.1,0.5,7.8,13.3,1.0,0.7,1.8,.084,-1.7,-0.7,-2.3,-0.1,,2025
211,Dorian Finney-Smith,31,2TM,PF,37,25,1007,10.7,.613,.691,.124,4.9,11.3,8.1,7.6,1.6,1.3,11.2,12.9,1.0,0.8,1.8,.084,-1.1,0.0,-1.1,0.2,,2025
212,Dorian Finney-Smith,31,BRK,PF,20,20,579,12.4,.613,.679,.151,6.0,12.4,9.1,8.2,1.6,2.1,9.6,14.2,0.7,0.5,1.2,.100,-0.1,0.1,0.0,0.3,,2025
213,Dorian Finney-Smith,31,LAL,PF,17,5,428,8.5,.612,.711,.078,3.5,9.7,6.7,6.7,1.7,0.2,13.9,11.1,0.3,0.3,0.6,.062,-2.6,-0.1,-2.7,-0.1,,2025
214,Jalen Suggs,23,ORL,PG,35,35,1002,14.4,.536,.503,.229,2.5,14.6,8.2,22.0,2.5,3.2,16.2,27.4,-0.6,1.8,1.1,.053,-0.7,1.2,0.4,0.6,,2025
215,Isaiah Stewart,23,DET,C,50,3,1000,14.3,.598,.170,.233,11.2,20.2,15.8,11.3,0.9,5.9,16.0,12.4,1.5,1.4,2.9,.137,-1.8,1.6,-0.2,0.5,,2025
216,Brandon Boston Jr.,23,NOP,SG,42,10,993,12.8,.535,.367,.223,2.9,12.0,7.3,13.8,2.6,0.8,11.1,20.0,0.3,0.4,0.7,.032,-2.2,-0.4,-2.5,-0.1,,2025
217,Caris LeVert,30,2TM,SG,41,3,987,14.8,.588,.497,.290,3.0,10.9,7.0,19.3,1.6,2.0,12.5,18.2,1.6,1.1,2.7,.130,0.8,0.5,1.3,0.8,,2025
218,Caris LeVert,30,CLE,SF,38,3,904,14.4,.580,.497,.279,2.7,9.9,6.4,19.7,1.7,1.9,13.2,18.2,1.3,1.0,2.3,.123,0.7,0.6,1.3,0.8,,2025
219,Caris LeVert,30,ATL,SG,3,0,83,19.2,.666,.500,.400,6.3,21.4,13.7,15.8,0.0,3.3,5.4,18.3,0.3,0.1,0.3,.199,2.0,-0.3,1.7,0.1,,2025
220,Isaiah Hartenstein,26,OKC,C,34,33,986,18.7,.584,.045,.272,11.9,31.8,21.9,18.2,1.3,4.0,16.5,16.7,1.7,2.5,4.2,.204,0.3,2.7,3.0,1.3,,2025
221,Obi Toppin,26,IND,PF,50,0,970,18.1,.644,.480,.198,4.3,19.3,11.9,11.5,1.6,1.7,8.0,19.5,2.0,0.9,2.9,.144,2.0,-0.2,1.8,0.9,,2025
222,Cody Martin,29,CHO,SF,39,8,967,11.8,.528,.463,.183,4.3,15.5,9.8,13.6,2.2,2.7,12.7,14.6,0.4,1.2,1.6,.077,-2.2,1.2,-1.0,0.2,,2025
223,T.J. McConnell,32,IND,PG,52,0,965,18.9,.544,.072,.126,3.3,11.9,7.7,37.4,3.0,1.3,14.4,24.6,0.9,1.0,1.9,.096,0.5,0.4,1.0,0.7,,2025
224,Kevin Huerter,26,2TM,SG,46,15,957,9.9,.504,.654,.096,2.6,12.6,7.6,11.2,2.0,1.6,10.8,17.2,-0.2,0.8,0.6,.031,-2.8,-0.3,-3.2,-0.3,,2025
225,Kevin Huerter,26,SAC,SG,43,15,899,10.5,.524,.661,.090,2.3,12.4,7.3,11.0,1.9,1.7,10.3,17.0,0.1,0.8,0.9,.046,-2.3,-0.1,-2.5,-0.1,,2025
226,Kevin Huerter,26,CHI,SG,3,0,58,-0.6,.231,.545,.182,7.3,16.0,11.7,14.8,2.4,0.0,17.4,20.7,-0.3,0.0,-0.2,-0.205,-10.8,-3.1,-13.9,-0.2,,2025
227,Ty Jerome,27,CLE,SG,50,2,956,20.7,.643,.424,.218,4.2,9.6,7.0,24.7,2.9,0.1,12.1,22.4,2.9,1.2,4.1,.207,3.1,0.9,4.1,1.5,,2025
228,Brandon Clarke,28,MEM,PF,50,18,944,16.4,.627,.056,.212,10.7,17.1,14.0,6.7,2.0,2.6,9.0,14.6,1.9,1.4,3.4,.172,-0.5,1.0,0.5,0.6,,2025
229,Ziaire Williams,23,BRK,SF,40,23,944,12.0,.530,.510,.280,5.1,18.7,11.6,9.5,2.1,1.7,10.2,18.3,0.3,1.1,1.4,.069,-2.6,0.1,-2.6,-0.1,,2025
230,Caleb Martin,29,PHI,SF,31,24,943,10.2,.531,.375,.319,5.1,11.9,8.3,10.4,1.8,2.2,14.0,14.4,0.2,0.6,0.8,.041,-2.2,-0.1,-2.3,-0.1,,2025
231,Mason Plumlee,34,PHO,C,53,18,929,13.8,.598,.014,.536,10.8,28.1,19.7,14.4,1.3,3.9,21.4,10.5,1.3,1.1,2.4,.126,-2.2,1.3,-0.8,0.3,,2025
232,Sam Hauser,27,BOS,PF,46,9,926,12.9,.622,.862,.014,3.3,13.1,8.2,6.7,1.6,0.8,5.3,14.1,1.4,1.2,2.6,.135,0.8,0.2,1.0,0.7,,2025
233,Brandon Miller,22,CHO,SF,27,27,924,14.2,.540,.597,.161,2.8,12.6,7.6,18.2,1.5,2.1,12.6,27.7,0.0,0.8,0.8,.043,1.0,-0.8,0.2,0.5,,2025
234,Ja Morant,25,MEM,PG,32,32,920,19.0,.557,.307,.384,2.5,13.0,7.9,37.1,2.1,1.1,16.9,30.9,1.1,1.2,2.3,.120,2.9,-0.3,2.6,1.1,,2025
235,Kevin Porter Jr.,24,2TM,SG,47,2,916,12.3,.479,.259,.187,3.6,16.8,10.3,25.2,2.4,1.2,16.2,25.3,-1.1,1.5,0.4,.019,-3.1,0.8,-2.3,-0.1,,2025
236,Kevin Porter Jr.,24,LAC,SG,45,2,884,12.2,.476,.260,.187,3.7,16.4,10.1,25.0,2.4,1.2,16.0,25.6,-1.2,1.4,0.3,.015,-3.2,0.7,-2.5,-0.1,,2025
237,Kevin Porter Jr.,24,MIL,SG,2,0,32,16.4,.597,.200,.200,0.0,29.0,15.0,30.6,3.0,0.0,21.6,18.9,0.0,0.1,0.1,.128,-1.3,4.5,3.2,0.0,,2025
238,Moses Moody,22,GSW,SG,47,7,913,12.3,.571,.605,.221,3.0,9.6,6.2,8.3,1.4,1.9,7.8,18.8,0.8,0.8,1.6,.085,-0.8,-0.5,-1.3,0.2,,2025
239,Ryan Dunn,22,PHO,SF,49,28,910,10.4,.524,.527,.078,6.0,13.5,9.9,6.8,1.1,2.7,6.2,15.7,0.4,0.5,0.9,.046,-2.9,-1.0,-3.9,-0.4,,2025
240,Trayce Jackson-Davis,24,GSW,C,49,37,907,18.2,.584,.004,.308,12.3,21.7,16.8,15.9,1.2,3.8,11.2,16.5,1.8,1.2,3.0,.159,0.2,0.9,1.1,0.7,,2025
241,Nicolas Batum,36,LAC,PF,52,1,904,8.9,.554,.828,.093,4.4,13.9,9.2,9.2,1.7,2.3,12.3,8.5,0.7,1.3,2.0,.105,-2.3,1.9,-0.4,0.4,,2025
242,Luke Kennard,28,MEM,SG,41,7,904,14.6,.651,.652,.156,3.1,10.6,6.9,19.0,1.4,0.3,13.5,15.0,2.0,0.9,2.9,.153,2.2,0.1,2.3,1.0,,2025
243,Jaden Ivey,22,DET,SG,30,30,898,15.0,.569,.373,.281,5.0,10.3,7.6,20.1,1.5,1.2,16.1,26.1,0.4,0.8,1.2,.064,0.7,-1.0,-0.3,0.4,,2025
244,Gabe Vincent,28,LAL,PG,44,6,896,7.0,.531,.696,.043,1.4,5.1,3.3,9.5,1.6,1.0,10.7,12.9,0.0,0.5,0.5,.029,-4.3,-0.3,-4.6,-0.6,,2025
245,Jimmy Butler,35,2TM,SF,29,29,896,23.1,.627,.135,.630,8.7,10.4,9.6,25.0,1.8,1.3,7.9,21.6,3.5,0.9,4.4,.234,4.2,0.4,4.7,1.5,,2025
246,Jimmy Butler,35,MIA,PF,25,25,766,22.8,.638,.137,.612,7.9,10.6,9.3,25.0,1.8,1.2,8.2,21.0,2.9,0.8,3.7,.231,4.1,0.5,4.6,1.2,,2025
247,Jimmy Butler,35,GSW,SF,4,4,130,24.5,.577,.125,.714,13.3,9.3,11.4,24.7,1.9,1.5,6.4,25.3,0.5,0.1,0.7,.250,4.9,0.1,5.0,0.2,,2025
248,Cole Anthony,24,ORL,PG,51,13,887,13.7,.522,.396,.204,3.9,15.8,9.5,27.0,1.9,1.8,15.4,26.1,-0.3,1.4,1.0,.056,-1.5,0.5,-1.0,0.2,,2025
249,Simone Fontecchio,29,DET,SF,50,0,885,9.2,.531,.609,.256,4.4,14.8,9.6,6.7,1.0,1.1,11.9,16.1,0.2,0.8,1.0,.052,-2.6,-0.9,-3.5,-0.3,,2025
250,Andre Jackson Jr.,23,MIL,SG,51,43,884,8.4,.552,.402,.103,7.3,12.3,9.8,10.8,1.6,1.4,21.9,11.5,0.2,0.9,1.1,.058,-3.8,0.1,-3.6,-0.4,,2025
251,Tari Eason,23,HOU,PF,36,4,870,19.3,.566,.318,.222,9.4,18.7,13.9,7.3,3.9,3.3,8.3,18.8,1.4,2.0,3.4,.188,1.3,3.1,4.4,1.4,,2025
252,Sam Merrill,28,CLE,SG,45,2,867,10.9,.574,.867,.094,2.9,8.3,5.6,9.7,1.6,0.8,6.8,15.3,1.1,0.8,1.9,.108,-0.5,0.2,-0.4,0.4,,2025
253,Jeremy Sochan,21,SAS,PF,33,19,860,16.3,.600,.164,.276,10.1,18.9,14.5,14.2,1.7,1.8,15.1,18.8,1.1,0.9,2.0,.111,-0.4,0.3,-0.1,0.4,,2025
254,Ron Holland,19,DET,SF,55,1,855,9.8,.530,.397,.226,3.5,15.4,9.5,7.6,1.9,0.8,13.0,18.3,-0.2,1.0,0.8,.045,-4.1,0.0,-4.0,-0.4,,2025
255,Noah Clowney,20,BRK,PF,37,18,853,9.9,.536,.699,.201,4.6,15.4,9.8,5.4,1.1,2.2,10.5,18.7,0.0,0.7,0.7,.038,-2.7,-1.0,-3.7,-0.4,,2025
256,Ben Simmons,28,2TM,PG,34,24,852,13.4,.574,.000,.171,3.9,20.9,12.1,41.4,1.7,2.0,31.9,14.2,0.5,1.0,1.5,.082,-2.2,1.6,-0.6,0.3,,2025
257,Ben Simmons,28,BRK,PG,33,24,825,12.8,.562,.000,.153,4.0,20.6,12.0,41.7,1.6,1.9,32.7,14.4,0.3,0.9,1.2,.070,-2.4,1.3,-1.1,0.2,,2025
258,Ben Simmons,28,LAC,PG,1,0,27,31.6,.888,.000,.800,0.0,28.7,14.5,31.9,5.4,3.7,0.0,10.8,0.2,0.1,0.3,.450,5.4,10.3,15.7,0.1,,2025
259,Jordan Hawkins,22,NOP,SG,37,5,850,9.9,.499,.577,.187,1.6,10.0,5.7,6.9,1.2,1.6,7.5,21.1,-0.4,0.0,-0.3,-0.019,-2.5,-3.1,-5.6,-0.8,,2025
260,Aaron Gordon,29,DEN,PF,32,23,849,15.6,.617,.323,.383,6.7,12.9,10.0,15.4,0.8,0.8,11.3,17.7,1.9,0.5,2.4,.135,1.7,-1.2,0.5,0.5,,2025
261,Luke Kornet,29,BOS,C,49,7,845,19.1,.685,.006,.389,14.5,17.0,15.8,12.2,1.5,4.9,10.3,10.6,2.9,1.4,4.3,.245,1.5,2.2,3.7,1.2,,2025
262,Jamal Shead,22,TOR,PG,49,1,844,9.0,.519,.423,.124,1.5,5.9,3.7,28.3,1.5,0.6,20.6,17.7,-0.2,0.3,0.1,.003,-3.3,-1.5,-4.8,-0.6,,2025
263,Trey Lyles,29,SAC,PF,45,2,842,11.7,.533,.676,.193,6.1,20.0,13.0,6.6,1.5,2.2,8.3,14.6,0.6,0.9,1.4,.081,-0.9,-0.5,-1.4,0.1,,2025
264,Kristaps Porziņģis,29,BOS,C,29,29,841,22.5,.615,.435,.339,6.1,20.2,13.1,10.9,1.3,5.1,6.7,25.4,2.3,1.5,3.8,.216,3.7,1.3,5.0,1.5,,2025
265,Moussa Diabaté,23,CHO,C,44,7,832,16.0,.618,.013,.444,16.7,23.4,20.0,6.5,1.7,3.6,18.1,11.3,1.2,1.2,2.4,.138,-1.5,0.0,-1.4,0.1,,2025
266,Jonathan Kuminga,22,GSW,PF,32,10,832,16.5,.539,.274,.400,5.4,15.2,10.1,13.7,1.7,2.1,9.1,27.6,0.4,1.0,1.4,.079,0.4,-0.1,0.2,0.5,,2025
267,Luka Dončić,25,2TM,PG,24,24,832,23.8,.579,.460,.312,2.4,22.2,12.5,35.8,2.6,1.1,12.6,33.0,1.6,1.2,2.8,.162,5.0,1.2,6.1,1.7,,2025
268,Luka Dončić,25,DAL,PG,22,22,785,24.5,.584,.455,.313,2.3,22.5,12.7,36.3,2.7,1.0,12.4,33.0,1.7,1.1,2.9,.175,5.6,1.4,7.0,1.8,,2025
269,Luka Dončić,25,LAL,PG,2,2,47,11.3,.491,.556,.296,5.0,16.3,10.8,27.2,1.0,2.0,16.4,34.2,-0.1,0.0,-0.1,-0.059,-5.8,-3.0,-8.8,-0.1,,2025
270,Jarace Walker,21,IND,PF,50,1,829,11.4,.570,.508,.246,2.5,19.1,10.9,11.2,2.6,2.2,17.6,16.9,-0.2,1.0,0.8,.047,-2.5,1.0,-1.5,0.1,,2025
271,Zach Edey,22,MEM,C,40,33,825,18.2,.627,.149,.284,16.7,22.0,19.4,5.9,1.5,5.2,15.7,17.2,1.5,1.4,2.9,.167,-0.1,0.3,0.2,0.5,,2025
272,Jonathan Isaac,27,ORL,PF,49,0,814,16.5,.514,.484,.293,12.0,22.7,17.0,4.5,2.4,7.1,7.1,16.6,0.6,1.8,2.4,.144,-0.9,1.3,0.4,0.5,,2025
273,Vit Krejci,24,ATL,PG,39,15,811,11.2,.587,.679,.140,1.9,12.6,7.1,17.0,1.6,2.2,13.3,13.2,0.8,0.7,1.4,.083,-1.5,0.9,-0.5,0.3,,2025
274,Kyle Filipowski,21,UTA,C,44,10,807,12.8,.589,.403,.310,7.4,21.5,14.6,13.8,1.4,0.7,15.5,15.1,0.9,0.4,1.3,.076,-1.3,-0.2,-1.5,0.1,,2025
275,Dean Wade,28,CLE,PF,35,26,799,11.2,.555,.832,.140,4.9,18.9,12.1,8.1,1.8,1.8,5.5,10.7,1.0,1.2,2.1,.128,-0.4,1.5,1.1,0.6,,2025
276,Ben Sheppard,23,IND,SG,39,8,798,9.7,.574,.684,.092,3.7,9.9,6.8,7.6,1.6,1.3,5.6,11.7,0.8,0.5,1.3,.080,-2.0,0.0,-2.0,0.0,,2025
277,Chris Boucher,32,TOR,PF,46,0,796,18.7,.616,.526,.233,8.2,19.7,13.9,5.4,1.4,2.9,6.9,21.6,1.5,0.7,2.2,.134,2.9,-0.9,2.1,0.8,,2025
278,Kevon Looney,28,GSW,C,49,6,790,17.9,.523,.010,.330,18.5,27.5,22.8,16.2,2.1,2.4,10.9,14.1,1.6,1.3,3.0,.180,-0.5,1.0,0.4,0.5,,2025
279,Jordan Clarkson,32,UTA,SG,30,7,790,16.2,.550,.461,.284,2.7,11.0,6.9,24.0,1.5,1.0,11.8,28.0,0.8,0.2,1.0,.059,1.7,-2.0,-0.3,0.3,,2025
280,Terance Mann,28,2TM,SG,40,12,788,10.6,.535,.375,.178,5.1,11.2,8.2,11.3,1.9,1.4,10.4,13.6,0.5,1.0,1.6,.096,-2.6,1.1,-1.5,0.1,,2025
281,Terance Mann,28,LAC,SG,37,12,732,10.5,.533,.385,.164,4.9,11.3,8.1,11.1,1.9,1.5,10.7,13.8,0.4,1.0,1.4,.094,-2.6,1.1,-1.5,0.1,,2025
282,Terance Mann,28,ATL,SG,3,0,56,11.9,.559,.231,.385,7.5,9.9,8.7,13.9,2.5,0.0,6.2,11.8,0.1,0.0,0.1,.117,-2.4,0.8,-1.6,0.0,,2025
283,Matas Buzelis,20,CHI,SF,53,4,787,11.6,.557,.477,.194,4.3,15.2,9.8,5.1,0.8,4.9,9.8,17.8,0.1,0.6,0.7,.046,-2.9,-0.9,-3.8,-0.4,,2025
284,Jeremiah Robinson-Earl,24,NOP,PF,44,6,785,13.0,.556,.469,.174,9.9,18.4,14.0,9.2,1.8,0.7,11.9,14.0,0.8,0.3,1.2,.071,-1.1,-1.4,-2.5,-0.1,,2025
285,Nick Richards,27,2TM,C,35,22,770,16.6,.618,.010,.638,12.8,29.1,21.0,7.1,0.6,5.1,17.4,17.0,1.0,1.0,2.0,.126,-2.2,-0.4,-2.6,-0.1,,2025
286,Nick Richards,27,CHO,C,21,9,440,17.4,.614,.009,.763,12.1,26.8,19.3,9.8,0.8,5.8,17.8,17.9,0.6,0.6,1.2,.131,-2.1,0.3,-1.8,0.0,,2025
287,Nick Richards,27,PHO,C,14,13,330,15.6,.623,.012,.463,13.8,32.2,23.3,3.5,0.4,4.2,16.8,15.9,0.4,0.4,0.8,.118,-2.3,-1.4,-3.7,-0.1,,2025
288,Eric Gordon,36,PHI,SG,39,13,768,11.0,.591,.672,.235,1.2,6.0,3.5,12.1,1.7,1.6,11.1,14.5,0.7,0.3,1.0,.063,-0.7,-0.8,-1.5,0.1,,2025
289,Dereck Lively II,20,DAL,C,32,25,768,20.6,.704,.000,.390,14.4,20.9,17.7,15.3,1.1,6.1,15.8,13.7,2.4,1.0,3.4,.213,1.6,2.4,4.0,1.2,,2025
290,Jalen Smith,24,CHI,C,50,1,765,19.2,.609,.558,.229,9.8,27.5,18.8,8.8,0.7,4.1,7.9,20.8,1.5,0.8,2.4,.147,1.8,-1.0,0.8,0.5,,2025
291,Vasilije Micić,31,CHO,PG,36,16,764,7.0,.462,.458,.150,2.7,9.6,6.1,24.8,1.0,0.0,20.3,20.3,-1.0,0.4,-0.6,-0.040,-4.3,-2.3,-6.6,-0.9,,2025
292,Garrison Mathews,28,ATL,SG,43,2,763,11.1,.601,.847,.322,1.8,9.6,5.6,9.7,1.6,1.3,9.7,16.0,0.9,0.5,1.4,.088,-1.5,-0.5,-2.0,0.0,,2025
293,Brice Sensabaugh,21,UTA,SF,44,1,760,12.5,.586,.608,.137,3.9,11.7,7.9,11.0,1.7,0.4,14.6,21.6,0.3,0.2,0.5,.032,-0.6,-1.6,-2.2,0.0,,2025
294,Tyrese Martin,25,BRK,SG,36,6,757,9.7,.513,.620,.124,5.3,16.5,10.7,12.9,1.1,0.7,14.5,18.5,-0.3,0.6,0.2,.014,-2.1,-1.2,-3.4,-0.3,,2025
295,Tidjane Salaün,19,CHO,PF,39,8,744,7.7,.442,.603,.239,5.9,17.9,11.8,8.2,1.5,1.2,12.5,15.1,-0.5,0.8,0.2,.013,-4.3,-0.3,-4.6,-0.5,,2025
296,Jonathan Mogbo,23,TOR,PF,42,10,740,12.7,.531,.200,.305,10.3,16.0,13.1,13.4,2.0,2.7,14.7,14.4,0.6,0.7,1.3,.082,-1.9,0.7,-1.3,0.1,,2025
297,Paolo Banchero,22,ORL,PF,22,22,731,16.7,.512,.296,.398,3.6,22.6,12.5,27.8,1.0,2.4,12.3,32.9,-0.4,1.1,0.7,.046,1.1,-0.2,0.9,0.5,,2025
298,Kel'el Ware,20,MIA,C,38,12,726,17.7,.601,.276,.161,8.3,24.7,16.6,6.4,1.4,5.0,9.6,18.3,0.8,1.2,2.0,.134,-0.3,0.3,0.0,0.4,,2025
299,Precious Achiuwa,25,NYK,C,33,6,723,15.5,.586,.133,.250,11.6,19.8,15.8,6.4,2.2,3.3,11.5,13.5,1.1,1.0,2.0,.134,-0.4,0.1,-0.3,0.3,,2025
300,Jose Alvarado,26,NOP,PG,31,11,718,15.3,.567,.665,.144,2.0,7.8,4.8,27.6,2.8,1.2,11.6,18.2,1.1,0.3,1.4,.092,0.7,-0.5,0.2,0.4,,2025
301,Ja'Kobe Walter,20,TOR,SG,36,9,705,9.5,.505,.474,.199,4.3,9.8,7.0,10.1,1.7,1.0,9.9,18.2,-0.1,0.4,0.3,.020,-3.2,-1.1,-4.3,-0.4,,2025
302,Cameron Payne,30,NYK,PG,48,1,699,16.2,.570,.603,.151,1.8,9.3,5.7,24.7,2.0,1.6,9.3,21.3,1.4,0.6,2.0,.138,1.5,0.0,1.5,0.6,,2025
303,Ausar Thompson,22,DET,SF,33,22,691,17.3,.579,.139,.342,8.8,17.5,13.2,14.9,3.8,2.1,14.5,19.0,0.8,1.2,2.0,.138,-1.1,2.5,1.4,0.6,,2025
304,Julian Phillips,21,CHI,SF,53,3,676,9.9,.564,.537,.266,6.9,8.9,7.9,4.1,1.5,1.7,9.2,13.5,0.5,0.4,0.8,.059,-2.8,-1.0,-3.9,-0.3,,2025
305,Shake Milton,28,2TM,SG,42,1,670,12.4,.575,.452,.251,3.9,9.9,6.8,19.9,1.3,0.4,12.3,16.5,0.8,0.4,1.3,.090,-1.3,-0.3,-1.6,0.1,,2025
306,Shake Milton,28,BRK,SG,27,1,492,13.0,.580,.459,.210,3.6,8.5,6.0,20.7,1.5,0.2,10.4,17.1,0.7,0.3,1.0,.099,-0.8,-0.2,-1.0,0.1,,2025
307,Shake Milton,28,LAL,SG,15,0,178,10.5,.556,.429,.405,4.6,13.6,9.2,17.8,0.8,1.0,18.2,15.0,0.1,0.1,0.2,.065,-2.8,-0.5,-3.3,-0.1,,2025
308,Donovan Clingan,20,POR,C,41,11,668,17.6,.588,.132,.270,18.5,27.1,22.7,6.5,1.2,8.8,19.4,15.2,0.7,1.0,1.7,.125,-2.2,1.0,-1.2,0.1,,2025
309,Dalano Banton,25,POR,PG,42,0,667,14.8,.521,.441,.269,2.3,11.1,6.6,22.2,2.1,2.9,13.1,26.0,0.0,0.5,0.5,.039,0.9,-0.3,0.6,0.4,,2025
310,Johnny Juzang,23,UTA,SG,38,5,667,11.5,.586,.716,.134,3.8,12.5,8.2,8.1,1.2,0.7,7.2,16.7,0.9,0.1,1.0,.073,-0.6,-1.6,-2.3,0.0,,2025
311,Lindy Waters III,27,2TM,SG,39,9,664,8.3,.491,.726,.053,2.5,13.4,7.7,8.8,1.6,1.4,7.4,14.5,0.0,0.7,0.7,.047,-3.7,0.2,-3.5,-0.3,,2025
312,Lindy Waters III,27,GSW,SG,38,9,655,8.5,.498,.722,.054,2.5,13.6,7.8,8.8,1.6,1.4,7.5,14.5,0.0,0.7,0.7,.052,-3.5,0.3,-3.3,-0.2,,2025
313,Lindy Waters III,27,DET,SG,1,0,9,-10.6,.000,1.000,.000,0.0,0.0,0.0,12.7,0.0,0.0,0.0,14.1,-0.1,0.0,-0.1,-0.278,-15.0,-4.6,-19.6,0.0,,2025
314,Ricky Council IV,23,PHI,SF,46,4,649,13.3,.537,.440,.336,5.0,13.8,9.2,11.4,1.5,1.1,8.6,19.8,0.5,0.4,0.9,.067,-0.7,-1.6,-2.3,-0.1,,2025
315,Herbert Jones,26,NOP,SF,20,20,648,10.5,.541,.419,.233,3.5,9.7,6.5,13.9,2.8,1.3,15.6,14.6,0.1,0.3,0.4,.031,-3.7,0.1,-3.7,-0.3,,2025
316,Justin Champagnie,23,WAS,SF,35,14,647,15.6,.617,.466,.170,8.3,17.2,12.7,7.2,2.3,2.9,11.6,16.1,0.8,0.5,1.2,.092,-0.4,0.1,-0.3,0.3,,2025
317,Lonzo Ball,27,CHI,PG,30,9,647,12.6,.524,.827,.107,3.3,13.2,8.3,20.8,3.2,2.0,14.9,15.6,0.3,0.7,1.0,.074,-1.7,1.9,0.3,0.4,,2025
318,Jaden Hardy,22,DAL,SG,42,3,641,9.5,.531,.476,.194,1.2,9.9,5.7,12.9,1.6,0.7,16.1,24.8,-0.7,0.4,-0.3,-0.019,-3.7,-1.6,-5.3,-0.5,,2025
319,Bogdan Bogdanović,32,2TM,SG,26,0,639,7.8,.502,.647,.143,2.1,9.7,5.8,11.0,1.8,0.9,13.4,18.7,-0.5,0.5,0.0,-0.001,-4.3,-0.4,-4.7,-0.4,,2025
320,Bogdan Bogdanović,32,ATL,SG,24,0,598,7.6,.502,.652,.152,2.1,10.0,6.0,11.1,1.6,0.9,13.4,18.8,-0.4,0.4,-0.1,-0.005,-4.3,-0.6,-4.9,-0.4,,2025
321,Bogdan Bogdanović,32,LAC,SG,2,0,41,10.3,.500,.571,.000,2.7,5.4,4.1,10.5,4.8,0.0,12.5,16.8,0.0,0.1,0.1,.059,-5.0,2.4,-2.6,0.0,,2025
322,Kenrich Williams,30,OKC,PF,43,1,637,15.1,.609,.505,.088,6.6,17.4,12.0,10.4,2.2,1.0,9.8,15.7,1.1,1.3,2.4,.178,0.2,1.4,1.6,0.6,,2025
323,Maxi Kleber,33,DAL,PF,34,4,637,5.7,.489,.510,.219,4.4,11.6,8.1,8.2,0.7,2.3,17.9,8.6,0.0,0.4,0.4,.031,-4.0,0.4,-3.6,-0.3,,2025
324,Cam Whitmore,20,HOU,SF,36,0,630,13.4,.512,.468,.175,4.3,15.6,9.8,7.8,1.9,1.3,9.4,24.4,0.0,0.9,1.0,.073,-0.6,-0.4,-1.0,0.2,,2025
325,Seth Curry,34,CHO,SG,44,9,629,12.5,.621,.529,.103,2.7,8.7,5.6,7.5,1.5,0.9,8.2,15.7,0.8,0.4,1.3,.098,-0.7,-0.4,-1.1,0.1,,2025
326,Alex Caruso,30,OKC,SG,33,1,628,14.1,.516,.589,.086,3.9,11.1,7.6,16.8,4.3,2.6,9.4,14.3,0.6,1.5,2.1,.162,-1.2,4.3,3.0,0.8,,2025
327,Kyle Lowry,38,PHI,PG,33,12,623,10.2,.530,.748,.297,2.0,10.5,6.0,20.0,2.5,1.6,13.7,10.3,0.6,0.5,1.1,.085,-2.6,1.6,-1.0,0.1,,2025
328,Max Strus,28,CLE,SF,25,12,622,12.1,.583,.797,.060,3.6,15.1,9.5,15.2,1.2,1.3,11.8,14.5,0.8,0.7,1.6,.120,0.7,0.5,1.2,0.5,,2025
329,Daniel Theis,32,NOP,C,38,9,621,12.2,.558,.287,.287,7.4,21.7,14.3,13.1,1.4,3.0,14.7,11.6,0.6,0.4,1.0,.076,-3.2,-0.1,-3.3,-0.2,,2025
330,Nick Smith Jr.,20,CHO,SG,33,14,618,9.2,.510,.544,.065,1.0,10.3,5.6,15.6,1.0,0.8,12.1,19.9,-0.2,0.4,0.1,.010,-2.8,-1.5,-4.3,-0.4,,2025
331,Dalen Terry,22,CHI,SG,49,1,616,8.9,.550,.375,.322,4.8,7.5,6.2,12.0,1.7,1.5,16.8,14.2,0.1,0.3,0.5,.036,-4.2,-0.3,-4.5,-0.4,,2025
332,Cam Thomas,23,BRK,SG,19,17,614,18.5,.596,.427,.383,1.8,11.3,6.4,19.6,1.1,0.2,11.5,31.9,0.8,0.3,1.2,.091,2.8,-2.0,0.8,0.4,,2025
333,Neemias Queta,25,BOS,C,43,5,613,15.9,.682,.014,.340,10.6,17.1,13.9,6.2,1.1,4.3,14.3,13.4,1.3,0.9,2.3,.177,-1.7,1.0,-0.7,0.2,,2025
334,Kris Murray,24,POR,SF,45,1,612,10.3,.509,.412,.230,7.9,9.7,8.8,9.2,1.5,1.2,10.8,14.0,0.2,0.3,0.5,.042,-1.7,-0.6,-2.3,-0.1,,2025
335,Jusuf Nurkić,30,2TM,C,26,24,608,13.0,.560,.357,.435,8.8,33.2,21.4,11.1,1.9,2.6,22.5,18.7,-0.2,0.9,0.7,.054,-3.7,0.7,-3.0,-0.2,,2025
336,Jusuf Nurkić,30,PHO,C,25,23,592,12.7,.556,.362,.423,8.8,32.8,21.2,11.1,1.9,2.5,22.8,18.7,-0.3,0.9,0.6,.049,-3.9,0.5,-3.3,-0.2,,2025
337,Jusuf Nurkić,30,CHO,C,1,1,16,26.4,.666,.200,.800,6.5,48.1,26.8,10.3,3.1,6.2,12.9,20.6,0.0,0.0,0.1,.250,3.5,5.6,9.1,0.0,,2025
338,Oso Ighodaro,22,PHO,PF,41,2,605,10.3,.577,.019,.333,6.4,17.2,12.0,9.0,1.5,2.3,15.7,10.7,0.4,0.5,0.9,.068,-3.4,0.4,-3.0,-0.2,,2025
339,Marcus Sasser,24,DET,PG,42,0,596,13.2,.584,.519,.126,2.6,6.8,4.7,22.4,2.3,0.6,15.5,18.3,0.7,0.6,1.2,.099,-1.0,0.2,-0.8,0.2,,2025
340,Justin Edwards,21,PHI,SF,25,9,595,11.0,.578,.589,.113,4.7,11.0,7.7,8.7,1.8,1.2,10.6,14.6,0.4,0.4,0.8,.064,-1.7,-1.2,-2.9,-0.1,,2025
341,Brandon Ingram,27,NOP,SF,18,18,595,16.2,.560,.345,.165,3.0,15.6,9.1,27.1,1.3,1.7,16.2,30.2,-0.1,0.2,0.0,.001,1.5,-1.8,-0.3,0.3,,2025
342,Drew Eubanks,27,2TM,C,40,4,594,16.4,.639,.033,.377,8.2,24.3,16.4,11.2,0.8,5.3,15.0,14.7,0.9,0.5,1.4,.112,-0.6,0.6,0.1,0.3,,2025
343,Drew Eubanks,27,UTA,C,37,4,568,16.1,.632,.034,.393,7.8,24.5,16.2,11.8,0.9,5.4,15.4,14.9,0.8,0.4,1.3,.106,-0.7,0.7,0.0,0.3,,2025
344,Drew Eubanks,27,LAC,C,3,0,26,21.6,.833,.000,.000,17.3,21.3,19.3,0.0,0.0,3.9,0.0,9.9,0.1,0.0,0.1,.255,2.7,-1.4,1.3,0.0,,2025
345,Cody Williams,20,UTA,SG,29,12,593,3.5,.405,.532,.222,2.8,8.1,5.5,8.2,1.3,1.6,15.8,11.6,-0.7,0.1,-0.6,-0.047,-6.3,-0.8,-7.1,-0.7,,2025
346,Jared McCain,20,PHI,SG,23,8,592,15.5,.589,.485,.204,2.4,8.8,5.5,17.0,1.3,0.0,11.0,25.0,0.7,0.2,0.8,.068,1.9,-1.5,0.4,0.4,,2025
347,Kyle Anderson,31,2TM,PF,38,4,578,15.0,.514,.288,.179,6.1,16.9,11.3,20.7,2.2,3.6,9.2,15.9,0.7,0.8,1.5,.125,-0.3,2.1,1.9,0.6,,2025
348,Kyle Anderson,31,GSW,PF,36,3,541,14.9,.522,.308,.160,5.1,16.9,10.8,21.2,2.3,3.5,10.0,15.6,0.6,0.8,1.4,.126,-0.3,2.4,2.1,0.6,,2025
349,Kyle Anderson,31,MIA,SF,2,1,37,16.8,.425,.067,.400,20.8,17.4,19.0,12.5,0.0,5.1,0.0,21.1,0.0,0.0,0.1,.108,-0.2,-2.1,-2.3,0.0,,2025
350,Gary Payton II,32,GSW,SG,43,10,576,14.4,.601,.311,.164,6.4,16.6,11.3,13.8,2.3,2.0,13.3,15.9,0.7,0.8,1.5,.123,-1.9,1.5,-0.4,0.2,,2025
351,Mark Williams,23,CHO,C,23,20,575,26.6,.633,.004,.418,13.7,27.9,20.6,18.0,1.3,4.6,7.5,22.6,2.1,0.9,3.0,.252,4.0,1.0,4.9,1.0,,2025
352,Jay Huff,26,MEM,C,46,1,574,18.1,.679,.665,.209,4.3,13.5,9.0,7.1,0.9,6.5,10.0,19.4,1.3,0.8,2.1,.174,2.9,1.0,3.9,0.9,,2025
353,Moritz Wagner,27,ORL,C,30,1,564,22.4,.649,.301,.442,7.7,23.8,15.2,13.9,2.1,2.1,14.1,26.7,1.0,1.0,2.0,.174,2.7,1.3,4.1,0.9,,2025
354,Malcolm Brogdon,32,WAS,PG,24,13,564,15.9,.544,.233,.383,3.8,13.2,8.4,27.1,1.1,0.8,11.9,23.5,0.6,0.1,0.7,.059,0.0,-1.6,-1.6,0.1,,2025
355,Thomas Bryant,27,2TM,C,37,5,562,19.6,.637,.427,.178,11.0,19.8,15.4,10.9,1.4,3.8,6.6,16.5,1.5,0.6,2.2,.185,2.4,0.1,2.5,0.6,,2025
356,Thomas Bryant,27,MIA,C,10,0,115,15.8,.624,.607,.393,5.7,24.2,15.1,4.9,0.4,7.4,5.7,13.4,0.2,0.2,0.4,.168,-1.1,1.0,-0.2,0.1,,2025
357,Thomas Bryant,27,IND,C,27,5,447,20.5,.639,.395,.140,12.4,18.6,15.5,12.4,1.6,2.9,6.7,17.3,1.3,0.5,1.8,.189,3.3,-0.2,3.2,0.6,,2025
358,Ajay Mitchell,22,OKC,SG,34,1,561,12.4,.604,.307,.199,3.3,9.4,6.4,13.3,2.1,0.5,13.4,15.8,0.7,0.9,1.6,.137,-2.3,1.1,-1.2,0.1,,2025
359,Andre Drummond,31,PHI,C,30,16,561,14.5,.529,.072,.367,14.6,32.8,23.3,5.1,2.9,2.4,19.6,18.9,-0.2,0.9,0.7,.059,-3.5,-0.3,-3.8,-0.3,,2025
360,Cam Reddish,25,LAL,SF,31,8,560,7.8,.529,.523,.302,3.1,9.2,6.3,5.0,2.7,1.7,11.0,8.6,0.1,0.6,0.7,.059,-4.0,1.6,-2.4,-0.1,,2025
361,Day'Ron Sharpe,23,BRK,C,32,0,554,20.0,.571,.145,.256,19.3,22.3,20.7,15.5,2.1,3.6,15.4,21.6,0.8,0.8,1.6,.138,0.1,0.2,0.3,0.3,,2025
362,Isaac Okoro,24,CLE,SG,28,16,551,10.3,.567,.595,.191,4.5,6.9,5.7,10.0,1.7,1.8,7.2,11.8,0.8,0.6,1.3,.116,-1.2,0.9,-0.3,0.2,,2025
363,Jaxson Hayes,24,LAL,C,31,10,547,16.2,.724,.019,.442,8.8,17.7,13.3,8.1,1.6,5.1,13.9,11.6,1.2,0.7,2.0,.171,-1.3,1.5,0.2,0.3,,2025
364,Khris Middleton,33,MIL,SF,23,7,534,17.9,.627,.408,.218,1.0,15.5,8.5,28.6,1.5,0.9,13.8,21.9,1.1,0.6,1.7,.151,1.6,0.3,1.8,0.5,,2025
365,Monte Morris,29,PHO,PG,40,0,522,11.7,.514,.427,.234,2.2,9.6,6.0,17.8,1.6,0.5,8.3,17.4,0.4,0.2,0.5,.050,-2.0,-0.9,-2.9,-0.1,,2025
366,Joel Embiid,30,PHI,C,17,17,516,24.9,.586,.235,.526,7.1,26.3,16.3,26.6,1.3,3.3,13.6,35.7,1.0,0.6,1.5,.141,4.2,0.1,4.3,0.8,,2025
367,Zion Williamson,24,NOP,PF,18,18,507,26.9,.586,.039,.502,10.1,18.6,14.2,35.0,2.2,3.1,13.0,35.8,1.0,0.3,1.3,.125,4.9,0.4,5.2,0.9,,2025
368,Jett Howard,21,ORL,SF,45,0,506,8.5,.503,.719,.094,4.1,8.8,6.3,9.5,0.9,1.5,9.9,19.1,-0.2,0.5,0.4,.035,-2.7,-1.0,-3.7,-0.2,,2025
369,Tre Jones,25,2TM,PG,31,0,503,14.3,.577,.257,.367,3.6,9.8,6.7,29.0,2.2,0.9,14.8,12.6,1.0,0.4,1.4,.132,-1.3,1.2,0.0,0.3,,2025
370,Tre Jones,25,SAS,PG,28,0,450,13.8,.572,.280,.355,3.6,10.0,6.8,30.6,1.9,1.0,16.3,12.2,0.9,0.3,1.2,.126,-1.3,1.1,-0.2,0.2,,2025
371,Tre Jones,25,CHI,PG,3,0,53,17.8,.603,.125,.438,4.0,7.8,5.9,15.5,4.4,0.0,5.0,15.8,0.1,0.1,0.2,.175,-1.2,2.6,1.4,0.0,,2025
372,Alec Burks,33,MIA,SG,29,1,502,13.3,.614,.724,.284,2.6,13.9,8.3,9.4,1.8,1.1,6.8,14.2,0.7,0.5,1.3,.123,0.0,0.8,0.8,0.4,,2025
373,Josh Okogie,26,2TM,SG,32,2,500,16.8,.581,.389,.305,9.2,11.8,10.5,7.2,3.9,2.8,11.7,18.7,0.5,0.7,1.2,.113,0.2,1.8,2.0,0.5,,2025
374,Josh Okogie,26,PHO,SG,25,1,351,15.9,.586,.368,.281,10.4,12.1,11.3,5.9,3.0,2.6,11.1,18.1,0.4,0.3,0.7,.099,0.1,0.3,0.4,0.2,,2025
375,Josh Okogie,26,CHO,SG,7,1,149,19.0,.570,.434,.358,6.3,11.1,8.6,10.5,6.3,3.3,12.8,20.1,0.1,0.3,0.5,.146,0.3,5.4,5.7,0.3,,2025
376,Jamison Battle,23,TOR,SF,39,0,491,12.8,.633,.755,.086,4.6,11.2,7.9,9.4,0.5,1.0,6.6,15.6,0.9,0.1,1.0,.099,1.5,-1.5,0.0,0.2,,2025
377,Tosan Evbuomwan,23,BRK,SF,20,0,486,10.7,.532,.327,.314,5.5,14.3,9.7,10.7,1.6,1.4,14.9,18.9,-0.1,0.4,0.3,.030,-3.4,-0.5,-3.9,-0.2,,2025
378,Olivier-Maxence Prosper,22,DAL,PF,45,4,485,13.4,.488,.289,.395,9.2,14.8,12.1,9.9,2.2,0.9,6.8,16.9,0.4,0.5,0.9,.088,-1.1,-0.4,-1.6,0.1,,2025
379,KJ Martin,24,PHI,PF,24,7,480,12.5,.689,.212,.293,4.9,12.9,8.7,5.8,1.1,3.4,9.7,11.4,0.9,0.3,1.2,.119,-1.9,0.4,-1.5,0.1,,2025
380,Grant Williams,26,CHO,PF,16,7,479,11.6,.596,.602,.301,3.9,14.7,9.2,11.3,1.9,2.7,16.7,14.8,0.3,0.5,0.8,.085,-2.2,0.7,-1.4,0.1,,2025
381,Aaron Holiday,28,HOU,PG,39,3,477,11.1,.560,.639,.148,1.7,8.9,5.2,14.5,1.5,0.8,10.8,16.0,0.6,0.5,1.1,.111,-1.7,0.7,-1.0,0.1,,2025
382,Steven Adams,31,HOU,C,38,2,477,16.5,.524,.000,.625,22.7,22.2,22.5,11.2,1.1,3.2,20.9,14.5,0.5,0.8,1.3,.127,-0.2,-0.3,-0.4,0.2,,2025
383,DeAndre Jordan,36,DEN,C,40,2,474,14.9,.631,.000,.316,13.2,29.0,21.6,9.1,1.1,3.5,20.1,12.5,0.6,0.7,1.2,.127,-1.4,0.2,-1.2,0.1,,2025
384,Talen Horton-Tucker,24,CHI,SG,41,0,469,13.6,.563,.439,.270,3.2,12.3,7.8,16.1,1.5,1.5,11.0,21.2,0.3,0.3,0.6,.062,-1.3,-1.1,-2.4,0.0,,2025
385,Reed Sheppard,20,HOU,PG,40,0,464,7.6,.410,.604,.061,3.6,9.4,6.4,12.3,2.5,2.7,12.0,17.0,-0.5,0.7,0.2,.023,-4.2,1.5,-2.7,-0.1,,2025
386,Larry Nance Jr.,32,ATL,PF,24,3,463,15.9,.632,.490,.084,5.2,19.2,12.0,11.6,2.0,2.6,9.1,15.6,0.7,0.5,1.3,.131,0.9,0.6,1.5,0.4,,2025
387,Ryan Rollins,22,MIL,PG,37,7,454,11.7,.539,.416,.149,3.9,10.0,7.1,14.4,2.7,2.5,15.9,18.7,-0.1,0.6,0.5,.054,-3.2,1.0,-2.2,0.0,,2025
388,Pelle Larsson,23,MIA,SG,36,1,454,8.9,.564,.500,.311,3.4,9.2,6.3,9.7,1.6,0.8,9.7,13.0,0.3,0.4,0.7,.079,-4.4,0.4,-4.1,-0.2,,2025
389,Jaylin Williams,22,OKC,PF,27,5,453,14.3,.509,.691,.074,8.3,27.7,18.1,18.2,1.3,4.0,13.0,15.1,0.5,1.1,1.6,.165,-0.1,2.5,2.4,0.5,,2025
390,Pat Connaughton,32,MIL,SG,30,0,449,10.0,.535,.549,.150,4.2,14.9,9.7,14.6,0.5,1.9,13.0,13.4,0.3,0.4,0.7,.071,-1.9,-0.6,-2.5,-0.1,,2025
391,Svi Mykhailiuk,27,UTA,SF,22,12,441,10.9,.542,.709,.122,3.0,10.6,6.8,13.1,1.6,1.3,14.9,22.3,-0.1,0.1,0.0,-0.002,-1.0,-1.7,-2.7,-0.1,,2025
392,Caleb Houstan,22,ORL,SF,37,5,437,5.7,.487,.867,.105,3.2,6.8,4.9,4.9,0.9,0.7,4.4,11.4,0.1,0.4,0.5,.055,-4.6,-0.8,-5.4,-0.4,,2025
393,Zach Collins,27,2TM,PF,37,4,437,14.6,.572,.358,.276,9.5,16.0,12.8,16.7,1.6,3.0,13.3,16.9,0.7,0.4,1.1,.123,-1.5,1.3,-0.1,0.2,,2025
394,Zach Collins,27,SAS,C,36,4,425,14.5,.566,.348,.265,9.6,15.5,12.6,17.2,1.6,3.1,13.5,17.1,0.6,0.4,1.1,.119,-1.6,1.4,-0.1,0.2,,2025
395,Zach Collins,27,CHI,PF,1,0,12,18.2,.868,1.000,1.000,8.8,34.4,21.8,0.0,0.0,0.0,0.0,10.0,0.1,0.0,0.1,.249,1.2,-1.6,-0.5,0.0,,2025
396,Immanuel Quickley,25,TOR,PG,16,16,431,15.7,.576,.503,.299,1.5,9.2,5.3,30.3,0.9,0.4,13.1,23.9,0.7,0.1,0.8,.092,2.2,-2.3,-0.2,0.2,,2025
397,Gary Harris,30,ORL,SG,27,2,428,6.8,.520,.783,.096,3.6,5.5,4.5,5.0,1.9,1.6,11.3,9.9,0.0,0.5,0.5,.059,-3.7,0.9,-2.8,-0.1,,2025
398,Jae'Sean Tate,29,HOU,SF,36,2,427,11.8,.539,.273,.373,8.2,11.8,10.0,10.4,2.5,0.6,11.1,13.9,0.5,0.6,1.1,.126,-3.0,1.6,-1.4,0.1,,2025
399,Micah Potter,26,UTA,C,25,9,423,8.4,.598,.787,.133,6.6,18.5,12.6,5.6,0.6,2.0,18.5,9.7,0.2,0.1,0.3,.039,-2.4,-0.7,-3.1,-0.1,,2025
400,Jericho Sims,26,NYK,C,39,5,422,9.9,.619,.000,.283,14.1,20.8,17.5,6.2,0.9,2.2,28.9,7.5,0.4,0.4,0.8,.093,-3.0,-0.5,-3.5,-0.2,,2025
401,Keaton Wallace,25,ATL,PG,24,3,416,9.7,.540,.528,.089,1.3,8.0,4.5,17.5,2.5,1.8,18.0,15.3,-0.1,0.4,0.3,.035,-3.4,1.0,-2.4,0.0,,2025
402,Jared Butler,24,2TM,SG,35,1,413,17.9,.556,.248,.257,4.0,8.7,6.3,39.3,1.5,1.6,13.1,26.3,0.6,0.1,0.7,.077,2.2,-1.2,1.0,0.3,,2025
403,Jared Butler,24,WAS,PG,32,0,362,17.8,.562,.233,.256,4.0,7.9,5.9,38.3,1.6,1.3,12.9,25.9,0.5,0.0,0.6,.077,2.2,-1.3,0.9,0.3,,2025
404,Jared Butler,24,PHI,SG,3,1,51,18.8,.516,.346,.269,4.3,14.2,9.1,46.2,1.0,4.0,14.7,29.5,0.0,0.0,0.1,.075,2.1,-0.2,1.9,0.1,,2025
405,Adem Bona,21,PHI,C,37,1,411,11.9,.702,.000,.746,10.3,19.4,14.6,3.8,0.8,6.9,24.2,11.1,0.4,0.4,0.8,.098,-4.9,0.1,-4.7,-0.3,,2025
406,Jabari Walker,22,POR,SF,39,1,408,12.3,.541,.333,.256,7.9,23.5,15.6,6.7,2.5,1.1,13.9,15.6,0.1,0.5,0.6,.072,-2.9,0.3,-2.6,-0.1,,2025
407,Delon Wright,32,2TM,PG,27,2,408,7.4,.365,.598,.195,4.1,7.8,6.0,14.4,2.7,2.1,13.6,11.0,-0.3,0.5,0.2,.021,-4.3,1.3,-2.9,-0.1,,2025
408,Delon Wright,32,MIL,PG,26,2,405,7.4,.365,.598,.195,4.1,7.9,6.1,14.5,2.7,2.1,13.6,11.1,-0.3,0.5,0.2,.022,-4.3,1.4,-2.9,-0.1,,2025
409,Delon Wright,32,NYK,PG,1,0,3,0.0,,,,0.0,0.0,0.0,0.0,0.0,0.0,,0.0,0.0,0.0,0.0,-0.006,-5.6,-3.6,-9.2,0.0,,2025
410,DaQuan Jeffries,27,CHO,SG,21,2,407,8.4,.511,.577,.113,4.6,11.1,7.8,8.4,1.7,2.2,11.3,12.0,0.1,0.4,0.5,.055,-4.2,0.3,-3.9,-0.2,,2025
411,KJ Simpson,22,CHO,PG,21,2,404,7.9,.418,.432,.243,6.0,9.0,7.4,19.3,1.8,1.0,14.1,20.1,-0.5,0.3,-0.2,-0.019,-4.9,-0.8,-5.7,-0.4,,2025
412,Marcus Smart,30,MEM,PG,19,6,400,11.3,.504,.608,.243,3.8,7.5,5.7,21.9,2.6,1.4,17.6,19.8,0.1,0.5,0.6,.066,-1.6,0.5,-1.1,0.1,,2025
413,Bruce Brown,28,2TM,PG,20,0,396,11.3,.508,.280,.231,4.9,15.8,10.3,11.1,2.2,0.7,11.3,18.9,0.0,0.3,0.3,.033,-3.6,-0.4,-4.0,-0.2,,2025
414,Bruce Brown,28,TOR,PG,18,0,353,12.5,.525,.275,.221,5.2,15.9,10.5,11.3,2.3,0.8,11.7,19.5,0.0,0.3,0.4,.048,-2.6,-0.1,-2.8,-0.1,,2025
415,Bruce Brown,28,NOP,PG,2,0,43,1.8,.327,.333,.333,2.4,15.6,8.8,9.1,1.1,0.0,6.8,14.5,-0.1,0.0,-0.1,-0.085,-11.5,-3.0,-14.6,-0.1,,2025
416,Rob Dillingham,20,MIN,PG,31,1,394,10.9,.525,.361,.059,2.3,7.7,5.0,30.9,1.4,0.0,19.1,23.6,-0.2,0.4,0.2,.024,-2.4,-1.4,-3.8,-0.2,,2025
417,Kawhi Leonard,33,LAC,SF,15,15,390,16.2,.544,.303,.152,2.6,17.0,9.9,17.3,1.9,1.8,12.4,28.4,-0.1,0.6,0.5,.061,-0.6,-0.3,-0.9,0.1,,2025
418,Reggie Jackson,34,PHI,PG,31,1,384,10.0,.496,.556,.068,2.3,10.7,6.3,17.4,2.1,0.8,11.0,17.7,0.0,0.2,0.2,.025,-3.0,-0.7,-3.8,-0.2,,2025
419,Kelly Olynyk,33,TOR,C,24,2,383,15.1,.624,.364,.364,7.1,18.3,12.7,20.6,2.0,2.0,20.4,19.0,0.4,0.4,0.8,.102,-0.6,0.7,0.1,0.2,,2025
420,John Konchar,28,MEM,SG,29,3,377,11.2,.554,.697,.091,7.4,21.6,14.7,8.9,1.7,2.6,12.7,8.3,0.4,0.6,1.0,.128,-0.9,1.9,1.0,0.3,,2025
421,Gui Santos,22,GSW,PF,30,1,376,11.7,.623,.651,.277,9.0,14.9,11.8,12.2,1.4,0.8,17.7,12.6,0.5,0.4,0.9,.112,-2.0,-0.1,-2.1,0.0,,2025
422,Jordan Miller,25,LAC,SF,30,0,372,11.3,.505,.286,.262,6.6,8.9,7.8,12.7,2.0,1.3,13.5,18.8,0.0,0.5,0.5,.059,-2.4,0.2,-2.2,0.0,,2025
423,Aaron Nesmith,25,IND,SF,18,10,370,11.0,.602,.465,.287,2.4,14.4,8.5,8.8,1.6,1.2,10.3,14.8,0.4,0.3,0.7,.087,-2.5,-0.4,-2.9,-0.1,,2025
424,Trevelin Queen,27,ORL,SG,24,2,360,9.5,.453,.534,.129,6.0,7.6,6.8,13.7,3.3,2.1,14.0,17.3,-0.3,0.6,0.3,.041,-4.1,2.0,-2.1,0.0,,2025
425,Mo Bamba,26,LAC,C,28,2,352,14.4,.561,.485,.243,8.3,29.5,19.0,6.4,1.2,8.0,14.3,16.3,0.1,0.8,0.9,.126,-2.7,2.3,-0.3,0.2,,2025
426,Charles Bassey,24,SAS,C,32,1,346,19.4,.590,.000,.300,17.0,27.6,22.3,6.0,1.7,7.4,15.0,18.1,0.4,0.6,1.0,.143,-1.7,0.4,-1.3,0.1,,2025
427,David Roddy,23,ATL,PF,27,3,346,11.8,.594,.462,.237,3.3,19.0,10.9,11.5,1.6,2.1,16.3,14.5,0.2,0.3,0.5,.071,-1.8,0.4,-1.4,0.1,,2025
428,Jaylon Tyson,22,CLE,SG,35,2,342,11.0,.560,.402,.196,9.5,14.8,12.3,11.5,1.1,0.5,15.3,14.7,0.4,0.4,0.8,.105,-2.2,-0.5,-2.7,-0.1,,2025
429,Chet Holmgren,22,OKC,C,13,13,342,20.9,.601,.338,.444,6.3,27.7,17.1,9.3,1.8,11.0,15.0,23.2,0.3,1.0,1.3,.184,0.8,3.7,4.6,0.6,,2025
430,Ousmane Dieng,21,OKC,C,29,0,331,11.0,.504,.567,.154,4.9,16.9,10.9,10.4,2.2,1.8,11.9,16.2,0.0,0.7,0.7,.100,-2.6,1.3,-1.4,0.1,,2025
431,Trendon Watford,24,BRK,PF,19,0,328,13.6,.575,.287,.333,2.4,17.5,9.7,14.9,1.7,1.8,13.5,22.9,0.1,0.3,0.5,.069,-2.6,0.2,-2.4,0.0,,2025
432,Robert Williams,27,POR,C,19,3,326,19.0,.671,.041,.233,11.2,26.7,18.8,8.9,1.6,8.7,17.4,12.6,0.6,0.5,1.1,.161,-0.1,2.7,2.6,0.4,,2025
433,Dillon Jones,23,OKC,SF,35,0,322,7.4,.409,.536,.238,7.7,16.0,11.9,13.5,1.0,0.9,13.1,14.1,-0.1,0.5,0.4,.061,-4.4,-0.2,-4.6,-0.2,,2025
434,Tre Mann,23,CHO,PG,13,0,319,13.6,.537,.373,.130,3.9,9.0,6.4,21.2,1.1,1.2,12.8,26.0,0.1,0.2,0.2,.038,-0.4,-1.8,-2.3,0.0,,2025
435,Craig Porter Jr.,24,CLE,PG,33,0,310,13.2,.650,.347,.181,2.5,9.5,6.1,16.8,1.9,2.9,19.6,13.3,0.4,0.4,0.8,.121,0.0,1.3,1.3,0.3,,2025
436,Hunter Tyson,24,DEN,PF,39,0,299,7.1,.518,.653,.319,5.1,16.0,10.8,5.5,0.8,1.5,13.7,13.5,0.0,0.2,0.2,.034,-4.3,-1.7,-6.0,-0.3,,2025
437,Paul Reed,25,DET,C,30,0,296,21.1,.603,.208,.281,10.1,19.3,14.8,14.5,5.1,5.8,12.2,17.6,0.6,0.7,1.3,.214,0.2,5.0,5.2,0.5,,2025
438,Rayan Rupert,20,POR,SG,37,0,292,8.0,.500,.456,.228,7.7,8.4,8.1,7.6,1.3,0.6,16.4,15.0,-0.1,0.1,0.0,.003,-3.1,-1.7,-4.7,-0.2,,2025
439,Kessler Edwards,24,DAL,SF,26,6,292,9.1,.497,.453,.057,4.2,15.6,10.0,9.8,1.7,3.3,11.4,9.0,0.1,0.3,0.5,.075,-2.7,1.4,-1.3,0.1,,2025
440,Blake Wesley,21,SAS,SG,32,0,288,10.8,.521,.265,.277,2.2,6.2,4.2,28.8,2.4,0.9,23.1,18.0,-0.1,0.2,0.1,.018,-3.3,-0.4,-3.7,-0.1,,2025
441,Malaki Branham,21,SAS,SG,31,0,288,9.2,.558,.469,.177,1.1,10.9,6.1,13.2,1.2,0.6,18.7,22.2,-0.3,0.2,-0.1,-0.024,-2.9,-1.8,-4.7,-0.2,,2025
442,Jock Landale,29,HOU,C,27,0,288,16.4,.548,.135,.337,13.6,19.7,16.6,11.7,1.0,2.8,11.3,16.5,0.5,0.4,0.9,.153,0.3,0.7,1.0,0.2,,2025
443,Taj Gibson,39,CHO,C,24,11,286,11.0,.500,.032,.254,14.3,20.8,17.4,7.1,1.4,4.1,20.4,13.1,0.0,0.4,0.4,.060,-5.1,0.2,-4.9,-0.2,,2025
444,Jalen Pickett,25,DEN,SG,25,0,283,11.0,.540,.513,.026,2.1,8.8,5.6,20.4,1.2,0.9,11.5,13.0,0.3,0.1,0.5,.082,-1.0,-1.1,-2.1,0.0,,2025
445,Jordan Walsh,20,BOS,PF,37,1,281,7.0,.473,.696,.214,5.0,10.4,7.7,5.0,1.6,2.6,12.8,10.9,-0.1,0.4,0.3,.051,-4.0,0.6,-3.4,-0.1,,2025
446,Zeke Nnaji,24,DEN,PF,34,2,281,11.0,.545,.360,.200,5.4,12.6,9.2,3.9,1.5,4.7,6.8,13.2,0.2,0.3,0.5,.080,-3.1,-0.2,-3.4,-0.1,,2025
447,Alex Len,31,2TM,C,37,3,280,12.8,.541,.130,.283,10.6,17.4,14.0,14.2,1.4,6.5,17.5,9.5,0.3,0.4,0.7,.119,-2.3,2.1,-0.2,0.1,,2025
448,Alex Len,31,SAC,C,36,3,258,13.0,.557,.146,.317,10.6,16.7,13.7,14.4,1.5,6.7,19.1,9.5,0.3,0.3,0.7,.121,-2.1,2.3,0.2,0.2,,2025
449,Alex Len,31,LAL,C,1,0,22,10.0,.400,.000,.000,10.6,24.9,18.0,11.8,0.0,4.2,0.0,10.0,0.0,0.0,0.0,.090,-5.0,-0.8,-5.8,0.0,,2025
450,Patty Mills,36,2TM,PG,20,0,272,6.1,.456,.759,.063,1.2,7.2,4.2,11.9,2.3,1.0,16.5,15.0,-0.3,0.1,-0.2,-0.036,-4.6,-0.1,-4.6,-0.2,,2025
451,Patty Mills,36,UTA,PG,17,0,260,6.3,.473,.750,.066,1.3,7.5,4.4,11.1,2.2,1.1,17.0,15.2,-0.3,0.1,-0.2,-0.034,-4.4,-0.1,-4.4,-0.2,,2025
452,Patty Mills,36,LAC,PG,3,0,12,1.0,.000,1.000,.000,0.0,0.0,0.0,29.6,4.1,0.0,0.0,10.8,0.0,0.0,0.0,-0.080,-9.4,0.1,-9.4,0.0,,2025
453,Richaun Holmes,31,WAS,PF,17,4,271,17.3,.684,.048,.365,11.0,21.5,16.2,9.3,0.3,4.0,9.9,12.5,0.7,0.1,0.8,.144,0.0,-0.5,-0.5,0.1,,2025
454,Jeff Dowtin,27,PHI,PG,24,0,269,10.5,.454,.294,.200,1.2,11.2,6.0,19.5,1.5,1.5,4.1,15.8,0.1,0.1,0.2,.039,-2.8,-0.3,-3.0,-0.1,,2025
455,Dru Smith,27,MIA,SG,14,1,268,13.3,.656,.492,.197,4.9,9.6,7.3,12.3,3.9,2.1,20.4,13.7,0.2,0.4,0.6,.115,-1.4,3.3,1.9,0.3,,2025
456,Sandro Mamukelashvili,25,SAS,PF,33,0,265,20.4,.704,.585,.287,8.1,22.1,15.2,9.2,1.3,2.7,10.9,19.1,0.7,0.3,1.0,.173,3.7,0.0,3.7,0.4,,2025
457,Isaiah Wong,24,CHO,SG,20,0,265,11.1,.500,.314,.324,5.5,7.5,6.5,16.5,2.0,0.0,13.0,22.1,0.0,0.2,0.2,.027,-2.8,-1.0,-3.8,-0.1,,2025
458,Doug McDermott,33,SAC,SF,31,3,260,8.4,.608,.847,.059,0.8,6.4,3.6,2.0,0.7,0.4,5.4,15.1,0.2,0.1,0.3,.053,-2.1,-2.4,-4.5,-0.2,,2025
459,Jamal Cain,25,NOP,SF,21,0,259,9.5,.514,.563,.281,6.8,13.8,10.2,5.8,1.7,2.5,12.2,13.3,0.0,0.1,0.1,.023,-3.4,-0.6,-4.0,-0.1,,2025
460,Antonio Reeves,24,NOP,SG,24,0,255,10.3,.502,.526,.082,3.7,8.4,5.9,10.3,1.7,0.4,7.4,17.9,0.0,0.0,0.0,.005,-1.7,-2.1,-3.8,-0.1,,2025
461,Quenton Jackson,26,IND,PG,18,7,254,13.2,.598,.316,.276,4.5,7.4,5.9,16.4,1.7,1.8,11.4,16.4,0.4,0.2,0.5,.102,-1.7,-0.5,-2.2,0.0,,2025
462,Dwight Powell,33,DAL,C,33,0,251,14.7,.785,.056,1.667,9.8,15.6,12.8,11.1,2.3,5.2,18.3,6.5,0.6,0.4,1.0,.190,-0.8,3.4,2.6,0.3,,2025
463,Christian Koloko,24,LAL,C,29,0,246,13.8,.677,.047,.186,13.3,16.1,14.7,6.5,1.4,3.0,13.1,9.6,0.5,0.3,0.8,.153,-1.9,0.1,-1.9,0.0,,2025
464,Johnny Furphy,20,IND,SG,34,0,243,8.8,.509,.561,.158,7.9,10.5,9.2,5.1,1.8,3.0,12.9,12.5,0.0,0.2,0.2,.046,-2.8,-0.4,-3.2,-0.1,,2025
465,Johnny Davis,22,WAS,SG,34,0,242,10.2,.473,.372,.192,4.3,12.3,8.2,6.6,2.9,2.2,7.6,15.8,-0.1,0.2,0.0,.007,-3.5,0.6,-2.8,-0.1,,2025
466,Landry Shamet,27,NYK,SG,22,0,241,8.2,.535,.545,.076,2.4,5.6,4.0,7.4,1.8,0.8,10.5,13.7,0.0,0.1,0.2,.036,-2.9,-0.1,-3.0,-0.1,,2025
467,Karlo Matković,23,NOP,PF,17,2,238,12.2,.584,.298,.170,9.6,18.4,13.8,7.4,2.0,7.8,24.1,11.8,0.0,0.2,0.3,.055,-4.3,0.8,-3.5,-0.1,,2025
468,Quinten Post,24,GSW,PF,17,7,238,17.5,.628,.643,.092,6.9,18.5,12.5,17.5,0.4,1.6,7.3,19.4,0.6,0.2,0.8,.171,2.8,-0.3,2.5,0.3,,2025
469,Cory Joseph,33,ORL,PG,31,0,227,8.3,.486,.689,.066,2.9,9.3,5.9,15.4,2.4,1.3,14.9,14.2,-0.1,0.3,0.2,.051,-4.1,1.1,-3.0,-0.1,,2025
470,Trey Jemison,25,2TM,C,23,0,226,9.2,.491,.000,.556,12.2,17.7,15.0,7.1,1.7,4.1,20.0,13.2,-0.1,0.2,0.1,.019,-6.6,-0.1,-6.7,-0.3,,2025
471,Trey Jemison,25,NOP,C,16,0,166,9.4,.461,.000,.656,13.8,14.9,14.3,8.1,2.0,3.4,19.5,13.0,-0.1,0.1,0.0,.009,-5.8,-0.5,-6.3,-0.2,,2025
472,Trey Jemison,25,LAL,C,7,0,60,8.6,.576,.000,.308,7.8,25.6,17.0,4.6,0.8,6.2,21.3,13.8,0.0,0.1,0.1,.047,-8.8,0.9,-8.0,-0.1,,2025
473,Josh Minott,22,MIN,SF,33,0,224,12.9,.534,.437,.183,4.5,13.6,9.1,9.1,2.6,4.6,9.4,16.4,0.1,0.4,0.5,.112,-2.7,2.8,0.1,0.1,,2025
474,Bones Hyland,24,LAC,PG,20,0,222,16.5,.569,.696,.226,2.5,9.5,6.0,19.6,4.0,1.8,16.0,29.2,0.0,0.4,0.4,.094,1.3,1.8,3.1,0.3,,2025
475,Reece Beekman,23,2TM,PG,22,0,222,7.1,.409,.373,.176,2.5,5.4,3.9,20.1,2.9,0.9,16.7,13.1,-0.2,0.2,0.0,.001,-6.0,0.9,-5.1,-0.2,,2025
476,Reece Beekman,23,GSW,PG,2,0,4,42.4,1.000,.000,.000,25.5,0.0,13.2,41.9,12.1,0.0,0.0,10.5,0.0,0.0,0.0,.590,9.8,16.1,25.9,0.0,,2025
477,Reece Beekman,23,BRK,PG,20,0,218,6.5,.398,.380,.180,2.0,5.5,3.7,19.7,2.8,0.9,16.9,13.1,-0.2,0.2,0.0,-0.010,-6.3,0.7,-5.6,-0.2,,2025
478,Wendell Moore Jr.,23,DET,SG,20,1,219,12.6,.561,.280,.280,5.6,16.6,11.1,13.7,2.2,1.3,13.8,12.6,0.2,0.3,0.5,.115,-1.8,1.6,-0.2,0.1,,2025
479,Isaac Jones,24,SAC,PF,25,0,218,13.2,.655,.069,.448,7.0,12.2,9.6,5.1,0.7,3.5,14.7,15.9,0.2,0.2,0.4,.088,-2.4,-0.9,-3.3,-0.1,,2025
480,Tristan Thompson,33,CLE,C,28,0,217,8.8,.407,.063,.458,9.8,31.1,20.8,11.0,0.2,3.3,14.8,13.3,-0.1,0.3,0.2,.051,-5.0,0.3,-4.6,-0.1,,2025
481,GG Jackson II,20,MEM,PF,12,0,213,12.2,.529,.500,.260,7.1,14.5,10.9,7.6,1.3,0.9,13.2,24.0,0.0,0.2,0.2,.045,-1.4,-2.3,-3.7,-0.1,,2025
482,Anthony Gill,32,WAS,PF,37,0,208,9.2,.586,.341,.636,3.0,11.7,7.3,4.7,1.4,0.9,9.6,12.5,0.1,0.0,0.2,.039,-3.4,-1.0,-4.4,-0.1,,2025
483,Kai Jones,24,LAC,C,28,0,208,14.5,.739,.056,.333,8.1,16.5,12.3,6.7,1.4,6.3,19.5,10.6,0.3,0.4,0.7,.160,-2.0,2.5,0.5,0.1,,2025
484,Kevin Love,36,MIA,PF,19,6,207,16.1,.484,.586,.192,9.0,31.1,20.2,14.3,3.4,0.9,10.8,25.7,-0.1,0.4,0.3,.068,-0.6,0.7,0.1,0.1,,2025
485,Bol Bol,25,PHO,PF,18,2,205,17.1,.556,.516,.154,6.7,19.2,13.1,6.2,1.2,6.7,9.3,23.1,0.0,0.2,0.2,.054,0.2,-1.0,-0.7,0.1,,2025
486,Orlando Robinson,24,2TM,C,20,0,202,10.0,.459,.200,.367,9.2,20.7,14.9,13.0,1.7,1.9,14.7,17.1,-0.1,0.2,0.1,.030,-5.2,0.3,-4.8,-0.1,,2025
487,Orlando Robinson,24,SAC,C,9,0,57,12.1,.473,.294,.412,5.8,21.3,13.5,20.6,2.5,1.7,16.6,18.0,0.0,0.1,0.1,.048,-4.1,1.1,-3.0,0.0,,2025
488,Orlando Robinson,24,TOR,C,11,0,145,9.1,.454,.163,.349,10.5,20.4,15.4,10.1,1.3,2.0,13.9,16.8,-0.1,0.1,0.1,.023,-5.6,0.0,-5.5,-0.1,,2025
489,Jaylen Clark,23,MIN,SG,14,1,200,10.4,.531,.429,.286,7.3,5.4,6.4,4.2,2.2,0.5,3.1,14.1,0.2,0.2,0.5,.112,-3.3,0.9,-2.5,0.0,,2025
490,Dario Šarić,30,DEN,C,14,4,199,7.2,.420,.444,.185,8.2,18.3,13.5,12.9,1.7,0.4,19.3,15.4,-0.2,0.2,0.0,-0.003,-4.5,-0.4,-4.9,-0.1,,2025
491,Elfrid Payton,30,2TM,PG,9,4,199,11.8,.448,.018,.036,3.1,12.9,7.9,42.8,2.9,1.9,27.9,16.7,-0.2,0.2,0.0,-0.002,-3.7,0.2,-3.5,-0.1,,2025
492,Elfrid Payton,30,NOP,PG,7,3,144,14.7,.501,.022,.043,3.6,14.8,9.0,49.1,3.4,1.9,29.9,19.6,-0.1,0.1,0.0,.007,-2.3,0.2,-2.1,0.0,,2025
493,Elfrid Payton,30,CHO,PG,2,1,55,4.4,.200,.000,.000,1.9,8.0,4.9,26.3,1.8,1.8,16.7,9.3,-0.1,0.0,0.0,-0.025,-7.4,0.2,-7.2,-0.1,,2025
494,Xavier Tillman Sr.,26,BOS,C,27,1,196,2.8,.298,.561,.049,4.4,15.5,9.9,4.4,2.0,2.3,17.7,11.3,-0.5,0.3,-0.1,-0.036,-7.6,0.3,-7.3,-0.3,,2025
495,Jordan McLaughlin,28,2TM,PG,29,0,190,9.3,.519,.591,.364,2.3,9.9,6.1,15.7,2.8,0.0,17.7,13.9,0.0,0.2,0.2,.046,-3.9,0.2,-3.7,-0.1,,2025
496,Jordan McLaughlin,28,SAC,PG,28,0,190,9.3,.519,.591,.364,2.3,9.9,6.1,15.7,2.8,0.0,17.7,13.9,0.0,0.2,0.2,.046,-3.9,0.2,-3.7,-0.1,,2025
497,Jordan McLaughlin,28,SAS,PG,1,0,0,,,,,,,,,,,,,0.0,0.0,0.0,,,,,0.0,,2025
498,Jevon Carter,29,CHI,PG,26,0,188,13.3,.544,.707,.098,1.1,12.6,6.9,19.5,1.7,0.5,9.5,21.0,0.1,0.1,0.2,.053,-0.1,-1.7,-1.8,0.0,,2025
499,Jeff Green,38,HOU,PF,16,2,186,12.4,.634,.625,.321,2.8,12.3,7.4,3.8,0.8,0.5,7.3,15.2,0.4,0.2,0.5,.141,-1.3,-0.3,-1.6,0.0,,2025
500,Kobe Brown,25,LAC,PF,23,0,174,13.4,.554,.346,.096,9.7,20.3,15.1,13.2,0.8,1.2,11.4,15.2,0.2,0.2,0.4,.122,-0.9,0.1,-0.8,0.1,,2025
501,Pat Spencer,28,GSW,PG,23,0,172,13.4,.462,.176,.221,5.9,14.7,10.2,28.9,2.8,1.7,14.8,21.3,0.0,0.2,0.2,.058,-2.6,1.8,-0.8,0.1,,2025
502,Jaylen Nowell,25,NOP,SG,8,0,168,7.6,.430,.370,.151,3.7,9.3,6.4,15.7,0.3,2.2,9.3,21.5,-0.2,0.0,-0.2,-0.071,-3.1,-2.6,-5.8,-0.2,,2025
503,Marvin Bagley III,25,WAS,C,19,1,166,20.0,.573,.141,.324,16.8,18.5,17.7,7.1,2.0,2.7,11.9,23.1,0.2,0.1,0.3,.087,1.1,-2.0,-1.0,0.0,,2025
504,Ariel Hukporti,22,NYK,C,22,0,165,7.0,.611,.000,.478,7.1,21.8,14.6,5.9,0.0,6.7,36.5,11.5,-0.2,0.2,0.0,.006,-6.1,0.5,-5.6,-0.1,,2025
505,Brandon Williams,25,DAL,PG,19,0,160,11.6,.579,.415,.321,1.4,8.6,5.1,18.9,1.5,0.5,17.7,19.6,0.1,0.1,0.2,.053,-2.0,-0.7,-2.8,0.0,,2025
506,Devin Carter,22,SAC,PG,16,0,158,10.1,.428,.508,.295,4.2,23.8,13.9,17.3,1.5,1.8,10.4,20.7,-0.1,0.2,0.0,.013,-3.8,-0.6,-4.4,-0.1,,2025
507,Josh Richardson,31,MIA,SG,8,0,150,4.4,.402,.579,.105,4.4,4.3,4.3,10.8,2.6,0.6,16.8,14.1,-0.2,0.1,-0.1,-0.024,-7.3,0.4,-6.9,-0.2,,2025
508,Jarred Vanderbilt,25,LAL,PF,9,0,149,12.1,.457,.286,.214,14.9,26.5,20.9,9.5,3.6,0.6,20.7,11.4,0.0,0.3,0.3,.090,-2.8,1.2,-1.5,0.0,,2025
509,Tyler Kolek,23,NYK,PG,29,0,148,10.9,.534,.596,.128,1.6,9.9,5.8,18.8,2.3,0.6,15.3,17.1,0.1,0.1,0.2,.064,-2.6,0.0,-2.6,0.0,,2025
510,Bruno Fernando,26,TOR,C,17,2,147,15.5,.552,.000,.163,15.5,22.4,18.9,17.8,1.3,5.9,21.0,19.1,0.1,0.2,0.2,.076,-2.7,2.0,-0.7,0.0,,2025
511,Jaden Springer,22,BOS,SG,26,0,141,12.0,.520,.559,.618,3.1,15.3,9.2,9.2,4.2,0.6,8.5,14.6,0.1,0.3,0.4,.132,-4.4,3.9,-0.4,0.1,,2025
512,Enrique Freeman,24,IND,PF,19,1,139,6.1,.521,.240,.520,4.9,10.4,7.7,7.1,0.7,1.3,14.0,11.1,0.0,0.1,0.1,.025,-5.2,-1.6,-6.8,-0.2,,2025
513,Elijah Harkless,24,UTA,SG,10,0,138,8.0,.425,.714,.171,7.2,9.4,8.4,7.7,3.5,0.7,7.4,12.4,0.0,0.1,0.1,.029,-5.1,1.4,-3.7,-0.1,,2025
514,Dante Exum,29,DAL,PG,7,5,138,20.3,.647,.309,.345,1.6,7.7,4.7,28.8,1.8,0.6,9.9,21.8,0.4,0.1,0.5,.188,3.1,-0.4,2.7,0.2,,2025
515,Duop Reath,28,POR,C,26,0,137,10.4,.532,.692,.192,7.1,10.6,8.8,6.4,0.0,1.3,6.6,18.5,0.1,0.0,0.2,.054,-1.0,-2.8,-3.8,-0.1,,2025
516,Dominick Barlow,21,ATL,SF,16,2,131,10.9,.505,.273,.182,4.8,17.0,10.7,4.2,1.1,4.9,4.0,15.4,0.0,0.1,0.2,.056,-3.5,-0.5,-4.0,-0.1,,2025
517,Colby Jones,22,SAC,SG,24,0,130,8.5,.500,.385,.000,6.7,12.8,9.7,6.7,2.2,5.2,21.2,10.8,-0.1,0.2,0.1,.037,-3.8,1.1,-2.7,0.0,,2025
518,Luka Garza,26,MIN,C,23,0,129,15.3,.519,.328,.209,18.2,14.4,16.3,5.3,0.8,0.7,9.9,27.3,0.1,0.1,0.2,.072,-3.6,-3.5,-7.1,-0.2,,2025
519,Terrence Shannon Jr.,24,MIN,SG,16,0,128,12.0,.537,.349,.186,3.5,9.4,6.5,17.4,1.5,1.5,13.1,18.1,0.1,0.1,0.2,.079,-2.2,1.0,-1.2,0.0,,2025
520,Drew Peterson,25,BOS,PF,14,0,127,11.9,.677,.760,.280,4.3,18.7,11.5,11.3,0.8,1.4,15.1,11.3,0.2,0.2,0.4,.149,-0.7,1.6,0.9,0.1,,2025
521,MarJon Beauchamp,24,2TM,SF,28,0,127,9.1,.507,.469,.245,6.1,20.3,13.5,9.9,1.1,0.7,19.3,23.1,-0.2,0.1,-0.1,-0.026,-4.1,-1.9,-6.1,-0.1,,2025
522,MarJon Beauchamp,24,MIL,SF,26,0,122,8.5,.497,.447,.255,6.3,21.1,14.0,9.1,1.2,0.8,19.9,23.3,-0.2,0.1,-0.1,-0.039,-4.8,-2.0,-6.8,-0.1,,2025
523,MarJon Beauchamp,24,LAC,SF,2,0,5,22.1,.750,1.000,.000,0.0,0.0,0.0,31.0,0.0,0.0,0.0,17.2,0.0,0.0,0.0,.295,11.7,0.5,12.3,0.0,,2025
524,Kobe Bufkin,21,ATL,SG,10,0,124,10.5,.483,.404,.383,4.2,14.3,9.1,18.7,1.1,1.5,12.7,20.7,0.0,0.1,0.1,.019,-3.6,-0.5,-4.1,-0.1,,2025
525,Torrey Craig,34,2TM,SF,10,1,122,18.5,.697,.787,.085,6.9,14.4,10.7,7.2,0.8,1.5,0.0,16.7,0.4,0.1,0.5,.179,4.5,-0.7,3.8,0.2,,2025
526,Torrey Craig,34,CHI,SF,9,1,113,17.3,.663,.778,.089,7.5,15.5,11.6,6.4,0.8,0.8,0.0,17.3,0.3,0.1,0.4,.163,3.3,-1.4,1.9,0.1,,2025
527,Torrey Craig,34,BOS,SF,1,0,9,33.8,1.500,1.000,.000,0.0,0.0,0.0,17.4,0.0,10.1,0.0,9.7,0.1,0.0,0.1,.381,19.1,8.2,27.2,0.1,,2025
528,Cam Spencer,24,MEM,SG,10,0,121,11.4,.589,.533,.300,4.5,10.2,7.4,15.8,1.1,0.7,12.8,12.8,0.2,0.1,0.3,.129,-1.5,0.3,-1.3,0.0,,2025
529,Mouhamed Gueye,22,ATL,PF,8,4,121,14.6,.440,.500,.167,6.1,22.0,13.8,5.8,3.8,6.1,3.3,20.2,-0.1,0.2,0.2,.063,-2.0,2.4,0.4,0.1,,2025
530,De'Anthony Melton,26,GSW,SG,6,2,121,13.4,.539,.648,.148,5.1,12.7,8.8,21.1,2.8,1.6,14.8,23.4,0.0,0.2,0.2,.071,-1.5,0.6,-0.9,0.0,,2025
531,Tristan Vukcevic,21,WAS,C,14,0,114,20.1,.603,.481,.241,8.2,23.3,15.6,17.9,1.2,2.4,10.5,24.4,0.2,0.1,0.3,.111,2.6,-0.5,2.1,0.1,,2025
532,Branden Carlson,25,OKC,C,18,0,104,18.0,.656,.789,.053,5.2,21.3,13.3,7.8,0.9,5.9,4.9,16.7,0.3,0.2,0.5,.224,2.3,1.1,3.4,0.1,,2025
533,Joe Ingles,37,MIN,SF,16,0,103,4.6,.395,.632,.000,2.2,9.5,5.9,25.2,1.0,0.0,26.9,10.9,-0.1,0.1,0.0,.013,-5.5,0.4,-5.1,-0.1,,2025
534,Patrick Baldwin Jr.,22,WAS,SF,22,0,101,14.6,.676,.636,.121,5.1,17.9,11.4,3.0,1.4,1.8,12.6,16.4,0.1,0.0,0.1,.066,1.4,-1.7,-0.3,0.0,,2025
535,Damion Lee,32,PHO,SG,15,0,100,10.7,.470,.490,.333,2.3,11.7,7.1,11.9,2.0,0.0,9.3,28.5,-0.1,0.1,-0.1,-0.039,-4.2,-2.0,-6.3,-0.1,,2025
536,Adam Flagler,25,OKC,SG,22,0,92,-0.8,.282,.800,.000,3.5,5.7,4.6,0.0,2.6,2.2,1.8,25.8,-0.5,0.2,-0.3,-0.167,-11.3,-3.6,-14.9,-0.3,,2025
537,Jae Crowder,34,SAC,PF,7,2,92,6.7,.509,.706,.353,7.1,13.2,10.2,5.3,1.6,0.0,16.9,10.9,0.0,0.1,0.1,.037,-4.0,-0.5,-4.5,-0.1,,2025
538,Vince Williams Jr.,24,MEM,SG,6,0,89,8.2,.421,.444,.278,10.9,17.4,14.2,18.3,1.0,2.0,16.5,21.7,-0.1,0.1,0.0,.003,-4.0,0.3,-3.7,0.0,,2025
539,TyTy Washington Jr.,23,PHO,PG,7,0,87,10.2,.415,.469,.125,5.2,9.8,7.6,19.3,1.7,0.0,5.6,18.1,0.0,0.0,0.0,.004,-3.0,-1.4,-4.4,-0.1,,2025
540,Isaiah Jackson,23,IND,C,5,1,84,18.4,.600,.000,.609,14.8,22.4,18.7,8.2,1.7,8.8,14.6,17.6,0.1,0.1,0.3,.147,-1.1,1.5,0.4,0.0,,2025
541,Pacome Dadiet,19,NYK,SG,13,0,83,6.4,.455,.700,.100,0.0,17.6,9.0,7.2,0.6,2.2,4.6,11.4,0.0,0.1,0.1,.033,-4.0,-1.2,-5.2,-0.1,,2025
542,Trey Alexander,21,DEN,SG,18,0,79,2.1,.362,.417,.083,0.0,11.9,6.3,10.3,0.6,1.1,10.8,14.9,-0.1,0.0,-0.1,-0.064,-8.1,-1.8,-9.9,-0.2,,2025
543,Tyler Smith,20,MIL,PF,15,0,75,16.6,.615,.588,.118,5.9,20.6,13.5,8.3,1.3,3.7,14.4,24.2,0.0,0.1,0.1,.077,1.0,0.0,1.0,0.1,,2025
544,Taylor Hendricks,21,UTA,PF,3,3,75,7.2,.354,.667,.222,7.4,14.5,11.0,3.4,3.2,5.1,9.2,12.2,-0.1,0.1,0.0,-0.002,-4.5,1.3,-3.2,0.0,,2025
545,Chris Duarte,27,CHI,SG,17,0,74,16.6,.610,.577,.308,7.1,20.9,14.1,16.9,0.0,0.0,3.3,17.2,0.2,0.0,0.3,.162,2.2,-1.3,0.9,0.1,,2025
546,Baylor Scheierman,24,BOS,SG,12,0,74,3.3,.226,.737,.105,2.9,23.4,13.2,11.6,2.0,0.0,4.8,12.3,-0.2,0.1,0.0,-0.024,-8.2,1.4,-6.8,-0.1,,2025
547,Bronny James,20,LAL,SG,17,0,72,4.5,.360,.464,.321,1.6,9.1,5.5,14.6,2.7,2.6,13.5,22.6,-0.2,0.1,-0.2,-0.108,-8.0,-0.8,-8.7,-0.1,,2025
548,Alex Ducas,24,OKC,SG,15,0,71,9.3,.523,.727,.000,7.6,14.8,11.3,3.5,1.4,0.0,8.3,14.4,0.0,0.1,0.1,.098,-2.0,-0.9,-2.9,0.0,,2025
549,AJ Johnson,20,2TM,SG,10,0,70,8.5,.484,.370,.074,0.0,13.4,6.8,24.6,0.7,0.0,15.2,20.2,-0.1,0.0,0.0,-0.024,-4.7,-2.1,-6.8,-0.1,,2025
550,AJ Johnson,20,MIL,SG,7,0,44,10.7,.503,.263,.105,0.0,16.4,8.5,23.1,1.1,0.0,16.8,23.6,-0.1,0.0,0.0,-0.021,-3.2,-2.1,-5.3,0.0,,2025
551,AJ Johnson,20,WAS,SG,3,0,26,4.6,.438,.625,.000,0.0,8.2,4.0,27.1,0.0,0.0,11.1,14.4,0.0,0.0,0.0,-0.029,-7.2,-2.1,-9.3,0.0,,2025
552,Pete Nance,24,PHI,C,7,0,68,5.3,.472,.800,.133,3.3,14.2,8.5,6.0,0.7,0.0,0.0,10.3,0.0,0.0,0.1,.037,-4.4,-2.0,-6.4,-0.1,,2025
553,Armel Traoré,22,LAL,SF,9,0,67,3.5,.317,.368,.368,3.5,21.3,12.7,1.9,2.9,2.8,12.0,16.5,-0.2,0.1,-0.1,-0.096,-9.4,-0.6,-10.0,-0.1,,2025
554,Garrett Temple,38,TOR,SG,17,0,66,8.0,.328,.467,.267,3.3,13.3,8.3,20.4,4.4,2.9,19.3,13.3,-0.1,0.1,0.0,-0.003,-5.2,3.6,-1.7,0.0,,2025
555,Jordan Goodwin,26,LAL,PG,3,0,64,18.6,.668,.318,.045,11.0,17.1,14.1,9.5,2.3,0.0,8.2,16.8,0.2,0.1,0.2,.175,-0.2,0.2,0.0,0.0,,2025
556,Yuki Kawamura,23,MEM,PG,20,0,63,9.0,.487,.727,.273,0.0,11.5,5.9,27.2,0.7,0.0,14.0,18.1,0.0,0.1,0.1,.066,-3.8,-0.9,-4.7,0.0,,2025
557,Matt Ryan,27,NYK,SF,18,0,63,4.8,.433,.607,.071,0.0,12.5,6.4,2.1,1.6,0.0,9.4,21.9,-0.1,0.0,-0.1,-0.081,-6.1,-2.8,-8.9,-0.1,,2025
558,Markieff Morris,35,2TM,PF,10,0,61,2.9,.350,.625,.063,0.0,15.7,8.0,15.6,0.8,1.4,8.4,25.4,-0.2,0.0,-0.2,-0.133,-7.5,-3.0,-10.5,-0.1,,2025
559,Markieff Morris,35,DAL,PF,7,0,41,0.0,.273,.591,.000,0.0,20.6,10.6,12.9,1.2,2.1,8.3,25.0,-0.2,0.0,-0.2,-0.207,-10.2,-2.9,-13.1,-0.1,,2025
560,Markieff Morris,35,LAL,PF,3,0,20,8.8,.506,.700,.200,0.0,5.5,2.8,21.1,0.0,0.0,8.4,26.1,0.0,0.0,0.0,.019,-2.1,-3.0,-5.2,0.0,,2025
561,Stanley Umude,25,MIL,SG,19,0,60,3.2,.276,.550,.200,7.4,17.2,12.5,4.1,2.4,3.1,8.4,17.2,-0.2,0.1,-0.1,-0.094,-8.0,-1.1,-9.2,-0.1,,2025
562,Kylor Kelley,27,DAL,C,7,1,60,18.0,.806,.000,.545,14.9,21.2,18.1,2.3,0.0,2.9,6.8,10.4,0.2,0.1,0.3,.217,-0.7,-1.9,-2.6,0.0,,2025
563,Jazian Gortman,21,DAL,PG,16,0,57,6.6,.485,.478,.174,2.0,7.4,4.8,14.6,1.7,1.5,16.8,22.3,-0.1,0.0,0.0,-0.042,-5.3,-0.8,-6.2,-0.1,,2025
564,Liam Robbins,25,MIL,C,13,0,57,2.6,.363,.250,1.250,13.6,9.1,11.2,4.2,1.7,3.3,32.6,14.1,-0.1,0.1,-0.1,-0.067,-9.4,-1.5,-10.8,-0.1,,2025
565,Chris Livingston,21,MIL,SF,12,1,57,8.6,.448,.308,.462,11.6,23.5,17.8,2.2,3.4,0.0,24.2,15.8,-0.1,0.1,0.0,.000,-5.7,-0.6,-6.3,-0.1,,2025
566,Keshad Johnson,23,MIA,SF,10,0,57,11.2,.546,.333,.500,3.8,28.2,16.2,7.6,0.9,6.7,17.0,13.7,0.0,0.1,0.1,.052,-4.2,0.7,-3.4,0.0,,2025
567,Dariq Whitehead,20,BRK,SF,9,0,57,15.3,.684,.840,.120,2.0,10.5,6.1,3.1,2.6,1.8,18.6,24.9,0.0,0.1,0.0,.016,3.8,-0.2,3.5,0.1,,2025
568,Sidy Cissoko,20,SAS,SF,17,0,54,11.3,.533,.389,.333,5.9,13.6,9.8,16.1,0.9,0.0,8.8,17.9,0.0,0.0,0.1,.050,-1.7,-1.1,-2.7,0.0,,2025
569,Oscar Tshiebwe,25,UTA,C,4,0,54,18.3,.769,.000,1.667,14.4,32.2,23.4,2.5,4.5,0.0,8.8,8.9,0.2,0.1,0.3,.239,-2.4,0.6,-1.8,0.0,,2025
570,Luke Travers,23,CLE,SG,8,0,51,4.3,.405,.444,.222,8.8,12.4,10.7,11.2,0.9,1.8,33.6,12.4,-0.1,0.1,0.0,-0.025,-6.6,-1.9,-8.5,-0.1,,2025
571,Jacob Toppin,24,NYK,SF,16,0,49,4.5,.300,.200,.000,4.8,20.7,12.9,9.6,2.0,0.0,16.7,10.6,-0.1,0.1,0.0,-0.027,-6.1,0.1,-6.0,0.0,,2025
572,Colin Castleton,24,MEM,C,10,0,46,7.3,.472,.400,1.100,7.0,13.5,10.3,0.0,1.0,2.0,6.3,13.7,0.0,0.0,0.1,.078,-6.0,-1.1,-7.1,-0.1,,2025
573,Moses Brown,25,IND,C,9,0,46,16.2,.653,.000,.250,9.8,21.7,15.8,0.0,2.1,2.0,21.3,26.5,0.0,0.1,0.0,.015,-4.0,-1.7,-5.7,0.0,,2025
574,Collin Gillespie,25,PHO,PG,8,0,44,24.6,.668,.333,.278,7.8,9.6,8.7,25.9,2.2,4.2,9.0,22.3,0.2,0.0,0.2,.225,6.1,2.3,8.4,0.1,,2025
575,PJ Hall,22,DEN,C,14,0,42,12.5,.545,.333,.333,8.3,27.3,18.3,8.9,0.0,2.1,6.8,14.9,0.1,0.0,0.1,.115,-3.5,-1.5,-5.0,0.0,,2025
576,JT Thor,22,CLE,PF,9,0,42,19.1,.756,.400,.533,8.0,7.5,7.8,3.3,2.3,6.4,24.5,24.9,0.1,0.1,0.1,.132,-1.0,1.1,0.1,0.0,,2025
577,Jeenathan Williams,25,HOU,SG,7,0,39,26.1,.750,.389,.000,2.6,11.2,6.8,18.5,3.7,7.0,18.2,23.2,0.1,0.1,0.2,.213,5.2,5.8,11.1,0.1,,2025
578,PJ Dozier,28,MIN,SG,9,0,35,9.6,.621,1.000,2.000,3.2,12.5,7.9,18.5,1.4,0.0,15.1,8.2,0.0,0.0,0.1,.109,-2.1,2.6,0.5,0.0,,2025
579,Vlatko Čančar,27,DEN,PF,4,0,34,7.7,.643,.286,.000,10.2,15.3,12.9,0.0,0.0,2.6,22.2,11.2,0.0,0.0,0.0,.036,-5.1,-1.7,-6.8,0.0,,2025
580,Jackson Rowe,28,GSW,PF,4,0,34,8.7,.388,.750,.167,0.0,22.7,10.9,12.1,4.3,0.0,0.0,15.9,0.0,0.1,0.0,.045,-5.2,1.7,-3.6,0.0,,2025
581,D.J. Carton,24,TOR,SG,4,0,33,-2.6,.202,.429,.143,0.0,13.3,6.6,10.9,2.9,0.0,35.0,14.6,-0.2,0.0,-0.1,-0.215,-10.1,-0.9,-10.9,-0.1,,2025
582,Daeqwon Plowden,26,ATL,SG,2,0,33,24.4,1.103,.800,.200,9.5,6.7,8.2,0.0,0.0,0.0,8.4,14.7,0.1,0.0,0.2,.221,7.2,1.2,8.4,0.1,,2025
583,James Johnson,37,IND,PF,10,0,32,2.4,.424,.333,.111,0.0,17.3,8.7,16.2,0.0,5.8,29.8,18.2,-0.1,0.0,-0.1,-0.138,-8.2,0.3,-7.9,0.0,,2025
584,Ulrich Chomche,19,TOR,PF,7,0,32,5.3,.425,.000,.400,13.6,13.7,13.6,7.8,0.0,3.0,25.4,10.4,0.0,0.0,0.0,-0.009,-5.8,-1.5,-7.3,0.0,,2025
585,Cam Christie,19,LAC,SG,6,0,31,7.6,.427,.667,.167,3.6,17.8,10.8,9.0,3.2,0.0,13.4,20.7,-0.1,0.1,0.0,-0.018,-4.8,2.0,-2.8,0.0,,2025
586,E.J. Liddell,24,CHI,PF,6,0,31,15.4,.845,.750,.250,3.4,13.3,8.4,13.4,1.5,2.8,18.4,14.7,0.1,0.0,0.1,.169,-0.2,0.7,0.5,0.0,,2025
587,Maxwell Lewis,22,2TM,SF,9,0,31,5.9,.500,.143,.000,7.5,0.0,3.7,8.2,1.6,0.0,22.2,12.8,0.0,0.0,0.0,-0.060,-2.8,-2.5,-5.3,0.0,,2025
588,Maxwell Lewis,22,LAL,SF,7,0,29,2.2,.333,.000,.000,8.1,0.0,3.9,8.7,1.7,0.0,25.0,12.1,-0.1,0.0,-0.1,-0.085,-6.5,-3.1,-9.6,-0.1,,2025
589,Maxwell Lewis,22,BRK,SF,2,0,2,59.3,1.500,1.000,.000,0.0,0.0,0.0,0.0,0.0,0.0,0.0,22.0,0.0,0.0,0.0,.307,49.9,6.6,56.5,0.0,,2025
590,Josh Christopher,23,MIA,SG,8,0,28,-0.8,.342,.143,.571,0.0,11.5,5.8,19.3,0.0,3.4,31.3,20.1,-0.1,0.0,-0.1,-0.207,-11.1,-4.3,-15.4,-0.1,,2025
591,Mason Jones,26,SAC,SG,5,0,28,22.2,.543,.500,.167,7.8,23.7,15.7,47.5,0.0,0.0,7.2,21.1,0.1,0.0,0.1,.203,5.7,-0.9,4.7,0.0,,2025
592,Spencer Jones,23,DEN,SF,10,0,27,1.0,.313,.750,.000,4.3,11.6,8.1,0.0,5.3,0.0,20.0,15.7,-0.1,0.0,-0.1,-0.104,-12.0,-0.2,-12.2,-0.1,,2025
593,Emoni Bates,21,CLE,SF,7,0,27,-2.7,.214,.786,.000,0.0,0.0,0.0,17.2,1.8,0.0,0.0,22.1,-0.1,0.0,-0.1,-0.181,-9.7,-3.9,-13.7,-0.1,,2025
594,Damion Baugh,24,CHO,SG,1,0,27,20.7,.820,.500,.500,0.0,20.4,9.9,18.2,1.8,0.0,17.0,18.5,0.1,0.0,0.1,.229,2.2,3.6,5.8,0.1,,2025
595,Jalen Bridges,23,PHO,SF,5,0,25,-5.5,.410,1.000,.500,0.0,12.7,6.6,0.0,0.0,0.0,45.0,15.7,-0.1,0.0,-0.1,-0.262,-10.6,-5.0,-15.7,-0.1,,2025
596,JD Davison,22,BOS,PG,5,0,24,-4.6,.510,.600,.400,0.0,9.0,4.5,5.4,2.1,0.0,50.5,21.6,-0.2,0.0,-0.1,-0.273,-12.4,-2.2,-14.5,-0.1,,2025
597,Leonard Miller,21,MIN,SF,8,0,22,16.4,.451,.417,.667,15.3,34.7,25.1,0.0,2.2,4.2,11.4,34.5,0.0,0.1,0.0,.050,-7.5,-2.6,-10.1,0.0,,2025
598,Bryce McGowens,22,POR,SG,8,0,21,14.3,.674,.286,.857,5.1,0.0,2.6,7.4,2.3,0.0,23.7,25.3,0.0,0.0,0.0,.041,-2.3,-1.0,-3.3,0.0,,2025
599,Malevy Leons,25,OKC,SF,6,0,21,-2.3,.266,.500,2.000,5.1,10.0,7.6,5.2,0.0,0.0,21.0,9.6,0.0,0.0,0.0,-0.045,-10.6,-1.9,-12.4,-0.1,,2025
600,Jack McVeigh,28,HOU,PF,6,0,21,4.4,.364,.727,.000,4.9,15.6,10.1,6.6,0.0,4.3,8.3,23.5,-0.1,0.0,0.0,-0.069,-5.2,-2.7,-7.8,0.0,,2025
601,Adama Sanogo,22,CHI,C,4,0,21,15.3,.571,.000,.000,25.2,4.9,14.9,6.9,0.0,0.0,12.5,15.9,0.0,0.0,0.0,.096,0.7,-3.7,-3.0,0.0,,2025
602,Taze Moore,26,POR,SG,2,0,20,7.2,.276,.400,.200,21.5,22.3,21.9,6.8,4.9,0.0,15.5,27.1,-0.1,0.0,-0.1,-0.165,-3.8,-0.7,-4.5,0.0,,2025
603,Justin Minaya,25,POR,SF,6,0,18,6.3,.000,.000,.000,11.9,6.2,9.1,13.4,2.7,0.0,0.0,2.3,0.0,0.0,0.0,.070,-5.8,0.9,-4.9,0.0,,2025
604,Lester Quiñones,24,PHI,SG,4,0,17,8.4,.533,.375,.125,19.6,7.1,13.6,10.2,0.0,0.0,32.2,32.3,-0.1,0.0,-0.1,-0.197,-3.6,-6.9,-10.4,0.0,,2025
605,Trentyn Flowers,19,LAC,SF,2,0,16,7.9,.477,.222,.111,7.0,20.7,13.9,0.0,0.0,0.0,9.6,28.1,0.0,0.0,0.0,-0.040,-5.3,-0.4,-5.7,0.0,,2025
606,Tristen Newton,23,2TM,SG,8,0,16,-6.1,.178,.375,.125,14.0,13.6,13.8,15.6,3.1,0.0,19.2,28.2,-0.1,0.0,-0.1,-0.335,-16.7,-4.3,-21.0,-0.1,,2025
607,Tristen Newton,23,IND,SG,5,0,8,-15.3,.233,.500,.167,0.0,0.0,0.0,16.2,0.0,0.0,13.4,40.2,-0.1,0.0,-0.1,-0.561,-22.1,-11.1,-33.2,-0.1,,2025
608,Tristen Newton,23,MIN,SG,3,0,8,3.1,.000,.000,.000,28.0,27.2,27.6,15.1,6.2,0.0,33.3,16.2,0.0,0.0,0.0,-0.109,-11.4,2.6,-8.8,0.0,,2025
609,A.J. Lawson,24,TOR,SG,4,0,15,18.9,.590,.625,.375,7.2,14.6,10.9,0.0,0.0,0.0,0.0,26.3,0.0,0.0,0.0,.076,4.9,-4.1,0.8,0.0,,2025
610,Isaiah Crawford,23,SAC,SF,4,0,14,3.8,.387,.333,.667,0.0,31.6,15.7,0.0,0.0,0.0,0.0,11.8,0.0,0.0,0.0,-0.019,-7.8,-2.7,-10.5,0.0,,2025
611,Jalen Hood-Schifino,21,LAL,SG,2,0,14,11.5,1.064,.000,2.000,8.3,0.0,4.0,9.1,0.0,6.6,34.7,9.1,0.0,0.0,0.0,.154,-3.8,1.5,-2.3,0.0,,2025
612,Daishen Nix,22,MIN,PG,3,0,13,-7.0,.266,1.000,2.000,0.0,33.5,17.0,27.9,0.0,0.0,68.0,19.6,-0.1,0.0,-0.1,-0.325,-15.1,-1.3,-16.4,0.0,,2025
613,Cole Swider,25,DET,SF,2,0,13,-11.1,.000,1.000,.000,0.0,16.9,8.5,8.8,0.0,0.0,0.0,16.3,-0.1,0.0,-0.1,-0.320,-14.7,-5.8,-20.5,-0.1,,2025
614,Jared Rhoden,25,CHO,SG,4,0,12,5.5,.250,.250,.000,17.4,18.3,17.9,26.5,4.1,0.0,11.1,31.9,-0.1,0.0,-0.1,-0.210,-7.3,-1.2,-8.5,0.0,,2025
615,David Duke Jr.,25,SAS,SG,2,0,12,-3.1,.255,.200,.400,0.0,17.5,8.8,21.6,0.0,0.0,14.5,24.5,-0.1,0.0,-0.1,-0.258,-11.1,-4.4,-15.4,0.0,,2025
616,RayJ Dennis,23,IND,PG,6,0,11,17.7,.644,1.000,.667,10.3,20.2,15.3,11.3,8.8,0.0,34.0,23.1,0.0,0.0,0.0,.090,-3.6,6.0,2.4,0.0,,2025
617,Harrison Ingram,22,SAS,SF,2,0,11,-5.8,.000,.500,.000,0.0,19.0,9.6,0.0,0.0,0.0,0.0,7.8,0.0,0.0,0.0,-0.163,-11.3,-3.6,-14.9,0.0,,2025
618,Cui Yongxi,21,BRK,SG,5,0,10,-10.7,.190,.429,.286,0.0,24.0,11.5,0.0,0.0,0.0,0.0,34.6,-0.1,0.0,-0.1,-0.473,-16.9,-8.2,-25.2,-0.1,,2025
619,Keion Brooks Jr.,24,NOP,SF,2,0,10,15.2,.532,.500,2.000,10.4,22.4,16.2,13.5,0.0,0.0,0.0,15.9,0.0,0.0,0.0,.123,0.8,-1.8,-1.0,0.0,,2025
620,Quincy Olivari,23,LAL,PG,2,0,10,-5.2,.300,1.000,.000,0.0,0.0,0.0,13.2,0.0,0.0,16.7,26.4,-0.1,0.0,-0.1,-0.307,-10.1,-8.7,-18.8,0.0,,2025
621,Daniss Jenkins,23,DET,PG,4,0,8,-26.3,.000,1.000,.000,0.0,0.0,0.0,0.0,0.0,0.0,20.0,26.4,-0.1,0.0,-0.1,-0.662,-26.2,-11.6,-37.7,-0.1,,2025
622,Bobi Klintman,21,DET,SF,3,0,8,-6.1,.000,.500,.000,0.0,27.5,13.8,14.3,0.0,0.0,0.0,10.6,0.0,0.0,0.0,-0.149,-14.5,-2.2,-16.7,0.0,,2025
623,Riley Minix,24,SAS,SF,1,0,7,-1.7,.000,1.000,.000,0.0,29.9,15.1,0.0,0.0,0.0,0.0,6.1,0.0,0.0,0.0,-0.106,-8.6,-3.4,-12.0,0.0,,2025
624,Jaylen Martin,21,2TM,SF,4,0,7,5.9,.375,.250,.000,14.8,15.2,14.9,0.0,0.0,0.0,0.0,24.5,0.0,0.0,0.0,-0.124,-2.6,-6.0,-8.6,0.0,,2025
625,Jaylen Martin,21,BRK,SF,3,0,5,13.1,.750,.500,.000,0.0,0.0,0.0,0.0,0.0,0.0,0.0,17.6,0.0,0.0,0.0,.119,4.1,-0.7,3.3,0.0,,2025
626,Jaylen Martin,21,WAS,SF,1,0,2,-11.9,.000,.000,.000,51.6,53.0,52.3,0.0,0.0,0.0,0.0,41.7,0.0,0.0,0.0,-0.734,-19.2,-19.3,-38.5,0.0,,2025
627,Mac McClung,26,ORL,SG,1,0,5,14.7,,,,0.0,24.9,11.6,51.1,0.0,0.0,,0.0,0.0,0.0,0.0,.210,1.8,4.1,5.9,0.0,,2025
628,James Wiseman,23,IND,C,1,0,5,31.6,.615,.250,.500,0.0,22.2,11.2,0.0,0.0,0.0,0.0,42.2,0.0,0.0,0.0,.236,5.8,-4.8,1.0,0.0,,2025
629,Alondes Williams,25,DET,SG,1,0,4,54.2,1.250,.500,.000,0.0,0.0,0.0,67.2,0.0,0.0,0.0,21.2,0.0,0.0,0.0,.571,37.8,6.1,44.0,0.0,,2025
630,Zyon Pullin,23,MEM,SG,3,0,3,-11.6,.000,.000,.000,0.0,0.0,0.0,0.0,0.0,0.0,0.0,13.3,0.0,0.0,0.0,-0.290,-14.7,-7.9,-22.7,0.0,,2025
631,Jahlil Okafor,29,IND,C,1,0,3,13.9,,,,0.0,37.0,18.7,37.2,0.0,0.0,,0.0,0.0,0.0,0.0,.188,2.5,5.1,7.6,0.0,,2025
632,Chuma Okeke,26,PHI,PF,1,0,2,6.3,,,,0.0,60.5,28.9,0.0,0.0,0.0,,0.0,0.0,0.0,0.0,.073,-3.8,-2.3,-6.1,0.0,,2025
633,Alex Reese,25,OKC,PF,1,0,2,54.3,1.000,.000,.000,53.9,0.0,26.6,0.0,0.0,0.0,0.0,21.2,0.0,0.0,0.0,.594,23.1,-3.7,19.4,0.0,,2025
634,Bismack Biyombo,32,SAS,C,1,0,0,,,,,,,,,,,,,0.0,0.0,0.0,,,,,0.0,,2025
