Rk,Player,Age,Team,Pos,G,GS,MP,FG,FGA,FG%,3P,3PA,3P%,2P,2PA,2P%,eFG%,FT,FTA,FT%,ORB,DRB,TRB,AST,STL,BLK,TOV,PF,PTS,Awards,year
1,Shai Gilgeous-Alexander,26,OKC,PG,53,53,34.0,11.2,21.5,.523,2.1,5.7,.359,9.2,15.8,.583,.571,7.9,8.8,.897,0.9,4.2,5.1,6.1,1.9,1.0,2.5,2.2,32.5,,2025
2,Giannis Antetokounmpo,30,MIL,PF,41,41,34.9,12.7,20.9,.608,0.1,0.8,.188,12.6,20.1,.624,.611,6.2,10.7,.577,2.3,9.9,12.2,5.9,0.8,1.3,3.4,2.4,31.8,,2025
3,Nikola Jokić,29,DEN,C,49,49,36.0,11.3,19.7,.577,2.0,4.5,.450,9.3,15.2,.615,.629,5.0,6.1,.823,3.0,9.6,12.6,10.2,1.8,0.7,3.1,2.2,29.8,,2025
4,Tyrese Maxey,24,PHI,PG,46,46,38.0,9.6,21.5,.447,3.3,9.6,.346,6.3,11.9,.528,.524,5.0,5.8,.872,0.3,3.2,3.5,6.1,1.9,0.4,2.5,2.3,27.6,,2025
5,Anthony Edwards,23,MIN,SG,54,54,36.7,9.1,20.8,.440,4.2,10.1,.414,4.9,10.7,.464,.540,5.0,5.9,.843,0.8,5.0,5.8,4.5,1.2,0.6,3.5,1.9,27.5,,2025
6,LaMelo Ball,23,CHO,PG,33,33,32.7,9.5,22.8,.416,4.0,11.9,.338,5.5,10.8,.503,.505,4.3,5.3,.822,0.9,4.2,5.1,7.2,1.3,0.3,3.6,3.3,27.3,,2025
7,Kevin Durant,36,PHO,PF,41,41,36.5,10.0,18.7,.532,2.4,5.9,.404,7.6,12.9,.590,.595,5.1,6.1,.825,0.4,5.6,6.0,4.2,0.9,1.4,3.1,1.8,27.3,,2025
8,Luka Dončić,25,2TM,PG,24,24,34.7,9.5,20.5,.460,3.3,9.5,.348,6.2,11.1,.556,.541,4.8,6.4,.753,0.8,7.3,8.0,7.5,1.9,0.4,3.4,2.8,27.0,,2025
9,Luka Dončić,25,DAL,PG,22,22,35.7,9.8,21.2,.464,3.4,9.6,.354,6.4,11.5,.555,.544,5.1,6.6,.767,0.7,7.6,8.3,7.8,2.0,0.4,3.4,2.6,28.1,,2025
10,Luka Dončić,25,LAL,PG,2,2,23.5,5.5,13.5,.407,2.0,7.5,.267,3.5,6.0,.583,.481,2.0,4.0,.500,1.0,3.5,4.5,4.0,0.5,0.5,3.0,4.0,15.0,,2025
11,Jayson Tatum,26,BOS,PF,52,52,36.4,9.1,20.1,.455,3.6,10.2,.358,5.5,9.9,.553,.545,5.1,6.5,.795,0.6,8.1,8.7,5.6,1.2,0.5,2.8,2.2,27.0,,2025
12,Devin Booker,28,PHO,SG,48,48,37.2,8.6,18.9,.453,2.6,7.7,.339,6.0,11.2,.532,.522,6.4,7.2,.896,1.0,3.1,4.0,6.7,1.0,0.3,2.7,2.4,26.2,,2025
13,Jalen Brunson,28,NYK,PG,53,53,35.2,9.0,18.3,.492,2.3,5.8,.397,6.7,12.5,.535,.555,5.8,7.1,.816,0.4,2.4,2.8,7.5,0.9,0.1,2.4,2.2,26.1,,2025
14,Damian Lillard,34,MIL,PG,44,44,36.5,8.0,17.6,.452,3.5,9.1,.382,4.5,8.5,.527,.550,6.4,6.9,.921,0.6,4.2,4.7,7.5,1.2,0.2,3.0,1.8,25.8,,2025
15,Anthony Davis,31,2TM,PF,43,43,34.2,9.5,18.0,.528,0.7,2.2,.313,8.8,15.8,.559,.548,6.0,7.6,.786,2.9,9.1,12.0,3.4,1.3,2.2,2.2,1.9,25.7,,2025
16,Anthony Davis,31,LAL,C,42,42,34.3,9.5,18.0,.528,0.7,2.2,.298,8.9,15.8,.560,.546,6.0,7.6,.788,2.8,9.0,11.9,3.4,1.3,2.1,2.2,2.0,25.7,,2025
17,Anthony Davis,31,DAL,PF,1,1,31.0,10.0,18.0,.556,2.0,2.0,1.000,8.0,16.0,.500,.611,4.0,6.0,.667,4.0,12.0,16.0,7.0,0.0,3.0,1.0,0.0,26.0,,2025
18,Cade Cunningham,23,DET,PG,50,50,35.5,9.5,20.9,.455,2.2,6.3,.351,7.3,14.6,.500,.508,4.2,4.9,.850,0.9,5.5,6.3,9.4,0.9,0.8,4.4,2.6,25.4,,2025
19,Franz Wagner,23,ORL,SF,36,36,33.0,9.1,19.5,.465,2.0,6.3,.317,7.1,13.2,.536,.516,4.9,5.7,.864,1.0,4.6,5.6,4.9,1.4,0.4,2.3,2.5,25.1,,2025
20,Joel Embiid,30,PHI,C,17,17,30.4,7.8,17.2,.454,1.4,4.1,.333,6.5,13.2,.491,.493,7.9,9.1,.870,1.9,6.6,8.5,4.5,0.8,1.0,3.4,2.3,24.9,,2025
21,Cam Thomas,23,BRK,SG,19,17,32.3,7.9,17.7,.448,2.8,7.6,.375,5.1,10.2,.503,.528,5.9,6.8,.876,0.5,3.1,3.6,3.4,0.7,0.1,2.7,1.9,24.7,,2025
22,Karl-Anthony Towns,29,NYK,C,49,49,34.9,8.9,16.6,.534,2.1,4.8,.438,6.8,11.9,.572,.596,4.9,5.8,.842,3.1,10.3,13.4,3.3,1.0,0.8,2.6,3.5,24.7,,2025
23,De'Aaron Fox,27,2TM,PG,50,50,36.8,9.1,19.3,.471,2.0,6.1,.319,7.1,13.1,.543,.522,4.5,5.5,.822,1.0,3.9,4.8,6.3,1.5,0.4,2.9,2.7,24.6,,2025
24,De'Aaron Fox,27,SAC,PG,45,45,37.0,9.2,19.6,.469,2.0,6.4,.322,7.2,13.3,.539,.521,4.5,5.5,.829,1.0,4.0,5.0,6.1,1.5,0.4,3.0,2.6,25.0,,2025
25,De'Aaron Fox,27,SAS,PG,5,5,35.8,8.0,16.0,.500,1.2,4.2,.286,6.8,11.8,.576,.538,4.4,5.8,.759,0.6,2.8,3.4,7.8,1.8,0.0,2.0,3.8,21.6,,2025
26,Kyrie Irving,32,DAL,SG,44,44,36.6,9.0,18.8,.478,2.9,7.1,.413,6.0,11.7,.517,.556,3.8,4.2,.902,1.2,3.6,4.8,4.8,1.3,0.4,2.3,2.0,24.6,,2025
27,Zion Williamson,24,NOP,PF,18,18,28.2,9.3,17.1,.547,0.2,0.7,.250,9.2,16.4,.559,.552,5.6,8.6,.649,2.7,4.7,7.4,5.0,1.3,0.9,3.1,3.0,24.4,,2025
28,LeBron James,40,LAL,SF,48,48,34.5,9.3,18.1,.516,2.2,5.6,.395,7.1,12.4,.571,.578,3.4,4.5,.759,0.9,6.9,7.7,9.0,0.9,0.5,3.8,1.4,24.3,,2025
29,Victor Wembanyama,21,SAS,C,46,46,33.2,8.9,18.6,.476,3.1,8.8,.352,5.8,9.9,.586,.559,3.4,4.1,.836,1.8,9.2,11.0,3.7,1.1,3.8,3.2,2.3,24.3,,2025
30,Norman Powell,31,LAC,SG,45,45,33.6,8.4,17.0,.496,3.4,7.8,.428,5.1,9.1,.555,.595,4.0,4.9,.819,0.4,3.2,3.6,2.2,1.3,0.2,2.1,1.9,24.2,,2025
31,Tyler Herro,25,MIA,SG,51,51,35.6,8.3,17.8,.465,3.7,9.7,.380,4.6,8.1,.567,.569,3.6,4.2,.854,0.4,5.2,5.5,5.5,0.8,0.1,2.7,1.4,23.9,,2025
32,Donovan Mitchell,28,CLE,SG,51,51,31.3,8.4,18.6,.454,3.6,9.2,.391,4.8,9.4,.516,.551,3.5,4.2,.835,0.7,3.7,4.4,4.8,1.4,0.2,2.0,2.0,23.9,,2025
33,Zach LaVine,29,2TM,SF,48,48,34.5,8.5,16.9,.501,3.1,7.3,.422,5.4,9.6,.562,.592,3.6,4.4,.817,0.3,4.3,4.6,4.6,0.9,0.2,2.8,1.5,23.7,,2025
34,Zach LaVine,29,CHI,SF,42,42,34.1,8.6,16.9,.511,3.2,7.3,.446,5.4,9.6,.560,.607,3.5,4.3,.797,0.3,4.5,4.8,4.5,0.9,0.2,2.9,1.5,24.0,,2025
35,Zach LaVine,29,SAC,SG,6,6,37.2,7.3,17.0,.431,2.0,7.7,.261,5.3,9.3,.571,.490,4.8,5.2,.935,0.3,2.7,3.0,5.0,1.0,0.2,2.3,1.7,21.5,,2025
36,Trae Young,26,ATL,PG,51,51,36.2,7.3,18.0,.407,2.9,8.7,.336,4.4,9.2,.473,.489,6.1,7.1,.857,0.5,2.7,3.2,11.5,1.2,0.2,4.8,2.0,23.7,,2025
37,Stephen Curry,36,GSW,PG,46,46,32.2,7.8,18.0,.434,4.4,11.2,.390,3.4,6.8,.508,.556,3.5,3.7,.924,0.6,4.0,4.5,6.1,1.0,0.5,2.9,1.3,23.4,,2025
38,Jaren Jackson Jr.,25,MEM,C,52,52,29.8,8.3,16.8,.495,1.9,5.3,.364,6.4,11.5,.556,.553,4.5,5.8,.772,1.4,4.6,6.0,2.2,1.3,1.6,2.3,3.3,23.0,,2025
39,Jaylen Brown,28,BOS,SF,46,46,35.3,8.5,18.5,.461,1.9,6.0,.324,6.6,12.5,.526,.513,4.0,5.3,.746,1.4,4.6,6.0,4.8,1.2,0.3,2.7,2.6,22.9,,2025
40,Paolo Banchero,22,ORL,PF,22,22,33.2,8.0,18.7,.427,1.7,5.5,.303,6.3,13.2,.479,.472,4.9,7.5,.652,1.1,6.0,7.1,5.0,0.6,0.8,3.1,2.2,22.5,,2025
41,CJ McCollum,33,NOP,PG,41,41,33.5,8.4,18.5,.455,3.2,8.3,.382,5.3,10.2,.514,.541,2.5,3.4,.723,0.7,3.0,3.7,3.7,0.8,0.5,1.8,2.3,22.5,,2025
42,Trey Murphy III,24,NOP,SF,39,37,35.6,7.5,16.2,.463,3.2,8.5,.376,4.3,7.7,.560,.562,4.3,4.8,.888,0.8,4.3,5.2,3.6,1.2,0.7,1.8,2.2,22.4,,2025
43,Brandon Ingram,27,NOP,SF,18,18,33.1,8.6,18.5,.465,2.4,6.4,.374,6.2,12.1,.514,.530,2.6,3.1,.855,0.9,4.6,5.6,5.2,0.9,0.6,3.8,2.5,22.2,,2025
44,DeMar DeRozan,35,SAC,SF,50,50,36.0,8.1,16.6,.487,1.0,2.9,.340,7.1,13.7,.518,.517,4.7,5.5,.864,0.5,3.3,3.9,3.7,1.0,0.4,1.4,1.9,21.9,,2025
45,RJ Barrett,24,TOR,SF,42,42,33.2,8.2,17.3,.473,1.8,5.2,.350,6.4,12.1,.527,.526,3.5,5.4,.648,1.0,5.6,6.6,5.6,0.9,0.3,3.0,2.6,21.7,,2025
46,Darius Garland,25,CLE,PG,52,52,30.2,7.8,15.6,.498,3.0,7.0,.431,4.8,8.6,.552,.594,3.1,3.5,.875,0.6,1.9,2.5,6.7,1.1,0.2,2.5,2.1,21.6,,2025
47,James Harden,35,LAC,PG,51,51,34.3,6.3,15.9,.394,2.8,8.2,.342,3.5,7.7,.449,.482,6.1,6.9,.887,0.6,5.2,5.8,8.6,1.5,0.6,4.5,2.1,21.5,,2025
48,Jalen Green,22,HOU,SG,55,55,33.2,7.5,17.6,.425,2.8,8.1,.350,4.7,9.5,.489,.505,3.4,4.0,.842,0.6,3.7,4.3,3.0,0.8,0.3,2.5,1.7,21.2,,2025
49,Jordan Poole,25,WAS,SG,47,47,31.4,6.9,16.5,.418,3.5,9.5,.371,3.4,7.0,.480,.524,3.9,4.4,.875,0.5,2.7,3.2,4.9,1.4,0.5,3.4,3.2,21.2,,2025
50,Brandon Miller,22,CHO,SF,27,27,34.2,7.3,18.2,.403,3.9,10.9,.355,3.5,7.3,.475,.509,2.5,2.9,.861,0.9,3.9,4.9,3.6,1.1,0.7,2.8,2.7,21.0,,2025
51,Jamal Murray,27,DEN,PG,48,48,36.0,7.9,16.7,.471,2.1,5.7,.375,5.7,11.0,.521,.535,3.1,3.6,.872,0.6,3.3,3.9,6.1,1.5,0.5,2.1,1.9,21.0,,2025
52,Jalen Williams,23,OKC,SG,51,51,32.6,8.1,17.0,.479,1.7,4.9,.343,6.5,12.1,.533,.528,3.0,3.9,.775,0.9,4.6,5.5,5.1,1.7,0.7,2.2,2.4,21.0,,2025
53,Ja Morant,25,MEM,PG,32,32,28.8,7.1,15.9,.447,1.6,4.9,.321,5.5,11.0,.503,.496,4.9,6.1,.810,0.7,3.6,4.3,7.4,1.3,0.3,3.8,1.8,20.7,,2025
54,Pascal Siakam,30,IND,PF,53,53,33.2,7.9,15.1,.526,1.7,4.2,.408,6.2,10.9,.572,.583,3.1,4.0,.777,1.7,5.5,7.3,3.4,1.0,0.5,1.3,2.6,20.7,,2025
55,Domantas Sabonis,28,SAC,C,52,52,36.1,8.0,13.3,.600,1.1,2.4,.455,6.9,11.0,.632,.641,3.3,4.4,.751,4.2,10.4,14.6,6.2,0.6,0.4,3.0,3.6,20.4,,2025
56,Scottie Barnes,23,TOR,PF,42,42,34.6,7.6,17.0,.447,1.3,4.9,.266,6.3,12.1,.521,.485,3.6,4.6,.769,1.5,6.4,7.9,6.3,1.5,1.1,3.0,2.0,20.1,,2025
57,Lauri Markkanen,27,UTA,PF,41,41,32.1,6.4,14.9,.432,3.0,8.4,.353,3.5,6.5,.536,.532,3.7,4.3,.869,1.6,4.5,6.1,1.6,0.8,0.4,1.4,1.8,19.6,,2025
58,Miles Bridges,26,CHO,PF,38,38,32.1,7.2,16.6,.431,2.0,6.7,.302,5.1,9.9,.519,.492,3.2,3.7,.864,1.1,6.7,7.7,3.8,0.7,0.6,2.0,1.5,19.5,,2025
59,Kristaps Porziņģis,29,BOS,C,29,29,29.0,6.6,13.7,.480,2.4,6.0,.405,4.2,7.8,.538,.568,3.8,4.7,.822,1.6,5.4,7.0,2.0,0.8,1.6,1.1,2.8,19.4,,2025
60,Cameron Johnson,28,BRK,PF,39,39,31.9,6.4,13.0,.488,3.1,7.5,.413,3.3,5.5,.591,.607,3.3,3.6,.894,0.8,3.3,4.2,2.9,0.8,0.5,1.6,1.7,19.1,,2025
61,Austin Reaves,26,LAL,SG,47,47,34.8,6.2,13.9,.446,2.6,7.1,.359,3.7,6.8,.538,.538,4.1,4.8,.862,0.9,3.6,4.4,6.2,1.2,0.2,2.4,2.0,19.1,,2025
62,Nikola Vučević,34,CHI,C,54,54,32.1,7.8,14.5,.539,1.7,4.6,.382,6.1,9.9,.611,.599,1.8,2.2,.814,2.4,7.9,10.3,3.5,0.9,0.7,1.6,2.4,19.1,,2025
63,Michael Porter Jr.,26,DEN,SF,52,52,33.3,7.2,13.7,.523,2.7,6.4,.417,4.5,7.3,.616,.621,1.9,2.6,.743,1.7,4.8,6.5,2.2,0.6,0.5,1.4,1.8,19.0,,2025
64,Jalen Johnson,23,ATL,SF,36,36,35.7,7.5,15.1,.500,1.2,3.9,.312,6.3,11.1,.566,.541,2.6,3.5,.746,1.7,8.3,10.0,5.0,1.6,1.0,2.9,1.9,18.9,,2025
65,Julius Randle,30,MIN,PF,48,48,32.6,6.6,14.0,.470,1.5,4.6,.321,5.1,9.4,.542,.522,4.2,5.2,.811,2.1,5.0,7.2,4.5,0.7,0.2,2.8,2.5,18.9,,2025
66,De'Andre Hunter,27,2TM,SF,39,5,28.6,6.1,13.1,.462,2.7,6.7,.400,3.4,6.4,.526,.564,4.0,4.7,.857,0.7,3.2,3.9,1.5,0.8,0.1,1.5,2.5,18.8,,2025
67,De'Andre Hunter,27,ATL,SF,37,4,28.8,6.1,13.3,.461,2.6,6.7,.393,3.5,6.6,.531,.560,4.1,4.8,.858,0.7,3.2,3.9,1.5,0.8,0.1,1.6,2.4,19.0,,2025
68,De'Andre Hunter,27,CLE,SF,2,1,25.0,4.5,9.5,.474,3.5,6.5,.538,1.0,3.0,.333,.658,2.5,3.0,.833,0.0,3.0,3.0,0.0,1.0,0.0,0.5,4.5,15.0,,2025
69,Alperen Şengün,22,HOU,C,52,52,31.1,7.4,15.1,.491,0.3,1.4,.230,7.1,13.7,.518,.502,3.6,5.2,.694,3.3,7.2,10.5,4.9,1.2,0.8,2.4,2.8,18.8,,2025
70,Anfernee Simons,25,POR,SG,51,51,32.4,6.6,15.4,.426,3.0,8.1,.374,3.5,7.3,.483,.524,2.4,2.7,.905,0.3,2.4,2.7,5.0,0.8,0.1,2.1,1.8,18.6,,2025
71,Evan Mobley,23,CLE,PF,48,48,30.0,7.2,12.6,.569,1.1,2.8,.378,6.1,9.8,.623,.611,3.1,4.1,.754,2.2,7.0,9.1,3.0,0.9,1.5,1.9,2.1,18.5,,2025
72,Collin Sexton,26,UTA,SG,46,44,28.5,6.5,13.6,.478,1.9,4.6,.412,4.6,9.0,.511,.547,3.5,3.9,.894,1.1,1.8,2.9,4.1,0.7,0.1,2.5,2.3,18.3,,2025
73,Coby White,24,CHI,SG,48,48,32.6,6.1,14.3,.427,3.0,8.2,.371,3.0,6.0,.503,.534,3.0,3.3,.894,0.4,3.0,3.3,4.5,0.9,0.2,2.4,2.2,18.2,,2025
74,Desmond Bane,26,MEM,SG,43,42,30.5,6.8,13.8,.496,2.3,5.7,.393,4.6,8.0,.569,.578,2.2,2.6,.856,0.9,4.9,5.8,5.4,1.2,0.4,2.6,2.4,18.1,,2025
75,John Collins,27,UTA,PF,36,27,30.5,6.6,12.6,.524,1.4,3.4,.423,5.1,9.1,.562,.582,3.5,4.0,.876,2.2,6.0,8.2,2.1,1.0,1.1,2.7,3.0,18.1,,2025
76,Malik Monk,26,SAC,SG,47,34,32.6,6.6,15.1,.439,2.3,6.9,.325,4.4,8.1,.537,.514,2.6,2.9,.877,0.4,3.4,3.8,5.9,1.0,0.6,2.3,2.7,18.1,,2025
77,Tyrese Haliburton,24,IND,PG,52,52,34.0,6.2,13.8,.449,2.9,7.8,.369,3.3,6.0,.555,.554,2.5,3.0,.846,0.6,3.0,3.6,8.5,1.3,0.7,1.8,1.3,17.8,,2025
78,Mikal Bridges,28,NYK,SF,54,54,38.2,7.3,14.8,.492,2.3,6.4,.359,5.0,8.4,.593,.569,0.9,1.1,.742,0.9,2.3,3.1,3.3,1.0,0.5,1.5,1.5,17.7,,2025
79,Jimmy Butler,35,2TM,SF,29,29,30.9,5.8,11.0,.524,0.5,1.5,.326,5.3,9.5,.554,.545,5.6,6.9,.811,2.5,3.0,5.5,4.9,1.1,0.4,1.2,1.1,17.6,,2025
80,Jimmy Butler,35,MIA,PF,25,25,30.6,5.7,10.5,.540,0.5,1.4,.361,5.2,9.1,.568,.565,5.2,6.4,.801,2.2,3.0,5.2,4.8,1.1,0.4,1.2,0.9,17.0,,2025
81,Jimmy Butler,35,GSW,SF,4,4,32.5,6.3,14.0,.446,0.3,1.8,.143,6.0,12.3,.490,.455,8.5,10.0,.850,4.3,2.8,7.0,5.3,1.3,0.5,1.3,2.0,21.3,,2025
82,Jaden Ivey,22,DET,SG,30,30,29.9,6.3,13.8,.460,2.1,5.1,.409,4.2,8.6,.490,.536,2.8,3.9,.733,1.3,2.8,4.1,4.0,0.9,0.4,3.0,2.2,17.6,,2025
83,Dejounte Murray,28,NOP,PG,31,31,32.6,6.3,15.9,.393,1.7,5.6,.299,4.6,10.3,.444,.445,3.3,4.0,.823,0.5,5.9,6.5,7.4,2.0,0.4,3.4,2.0,17.5,,2025
84,Bradley Beal,31,PHO,SG,37,23,32.4,6.6,13.3,.495,2.0,5.1,.401,4.5,8.2,.553,.571,2.2,2.7,.810,0.7,2.7,3.4,3.4,1.1,0.6,2.0,2.6,17.4,,2025
85,Andrew Wiggins,29,2TM,SF,45,45,30.2,6.0,13.6,.438,2.2,5.8,.372,3.8,7.8,.487,.517,3.2,4.2,.777,1.6,3.0,4.6,2.4,0.9,0.8,1.3,1.6,17.3,,2025
86,Andrew Wiggins,29,GSW,SF,43,43,30.1,6.1,13.7,.444,2.2,5.8,.379,3.9,7.9,.491,.524,3.2,4.2,.777,1.5,3.0,4.6,2.3,0.9,0.8,1.3,1.6,17.6,,2025
87,Andrew Wiggins,29,MIA,SF,2,2,32.5,3.5,12.0,.292,1.5,6.5,.231,2.0,5.5,.364,.354,3.5,4.5,.778,2.0,2.5,4.5,4.0,1.0,1.0,1.5,1.5,12.0,,2025
88,Shaedon Sharpe,21,POR,SG,47,31,30.2,6.4,14.4,.443,1.9,6.1,.309,4.5,8.2,.543,.509,2.5,3.1,.801,0.7,3.1,3.8,2.5,0.8,0.2,1.8,1.8,17.1,,2025
89,Jordan Clarkson,32,UTA,SG,30,7,26.3,5.7,13.7,.417,2.4,6.3,.379,3.3,7.4,.450,.505,3.1,3.9,.803,0.6,2.7,3.3,3.9,0.8,0.3,2.1,1.6,17.0,,2025
90,Jonathan Kuminga,22,GSW,PF,32,10,26.0,6.1,13.2,.459,1.3,3.6,.345,4.8,9.6,.502,.506,3.4,5.3,.639,1.4,3.6,5.0,2.2,0.9,0.6,1.6,1.9,16.8,,2025
91,Bam Adebayo,27,MIA,C,51,51,34.0,6.5,13.7,.471,0.8,2.6,.299,5.7,11.1,.512,.500,3.0,4.1,.733,2.6,7.5,10.1,4.5,1.2,0.8,2.2,2.2,16.7,,2025
92,Bennedict Mathurin,22,IND,SF,51,44,31.5,5.8,12.3,.475,1.5,4.2,.355,4.4,8.1,.536,.535,3.4,4.2,.818,1.3,4.4,5.7,1.9,0.6,0.4,1.9,2.4,16.6,,2025
93,Malik Beasley,28,DET,SG,55,12,27.6,5.8,13.2,.438,3.9,9.4,.418,1.8,3.8,.488,.587,1.1,1.6,.667,0.6,2.3,2.9,1.7,1.0,0.0,1.0,1.5,16.5,,2025
94,OG Anunoby,27,NYK,PF,49,49,36.3,6.2,12.8,.482,2.1,5.8,.365,4.1,7.0,.577,.564,1.9,2.4,.792,1.3,3.4,4.7,2.0,1.4,0.9,1.3,2.3,16.4,,2025
95,Keyonte George,21,UTA,PG,44,32,31.6,5.3,13.5,.395,2.5,7.5,.334,2.8,5.9,.471,.488,3.3,4.0,.818,0.4,3.2,3.6,6.0,0.7,0.2,2.9,1.8,16.4,,2025
96,Kawhi Leonard,33,LAC,SF,15,15,26.0,6.5,14.1,.464,1.5,4.3,.359,5.0,9.8,.510,.519,1.7,2.1,.813,0.6,4.0,4.6,2.7,1.0,0.5,2.1,1.3,16.3,,2025
97,Jalen Suggs,23,ORL,PG,35,35,28.6,5.6,13.7,.410,2.2,6.9,.314,3.5,6.8,.506,.489,2.8,3.1,.882,0.7,3.4,4.0,3.7,1.5,0.9,2.9,2.8,16.2,,2025
98,Paul George,34,PHI,PF,35,35,32.1,5.9,13.9,.426,2.3,6.5,.363,3.6,7.4,.481,.510,2.0,2.4,.821,0.6,4.7,5.3,4.4,1.8,0.5,2.6,2.5,16.1,,2025
99,Derrick White,30,BOS,SG,52,52,33.7,5.5,12.5,.441,3.3,8.8,.378,2.2,3.7,.592,.574,1.8,2.1,.838,0.9,3.3,4.2,4.3,0.8,1.1,1.6,1.8,16.1,,2025
100,Damion Baugh,24,CHO,SG,1,0,27.0,5.0,8.0,.625,2.0,4.0,.500,3.0,4.0,.750,.750,4.0,4.0,1.000,0.0,5.0,5.0,3.0,1.0,0.0,2.0,3.0,16.0,,2025
101,Devin Vassell,24,SAS,SG,37,26,30.5,6.1,13.9,.437,2.3,6.4,.354,3.8,7.5,.507,.518,1.5,2.0,.753,0.6,2.9,3.5,2.9,1.2,0.5,1.5,1.5,15.9,,2025
102,Mark Williams,23,CHO,C,23,20,25.0,6.1,10.4,.586,0.0,0.0,.000,6.1,10.3,.588,.586,3.4,4.3,.780,3.3,6.3,9.6,2.5,0.7,1.2,1.0,2.6,15.6,,2025
103,Kyle Kuzma,29,2TM,PF,36,33,28.3,5.9,14.1,.420,1.4,4.9,.275,4.6,9.1,.498,.468,2.1,3.4,.618,0.8,5.3,6.1,2.5,0.6,0.2,2.3,1.8,15.3,,2025
104,Kyle Kuzma,29,WAS,PF,32,30,27.7,6.0,14.2,.420,1.4,5.0,.281,4.6,9.2,.495,.469,1.8,3.1,.602,0.8,4.9,5.8,2.5,0.6,0.2,2.3,1.6,15.2,,2025
105,Kyle Kuzma,29,MIL,PF,4,3,33.3,5.5,13.0,.423,1.0,4.5,.222,4.5,8.5,.529,.462,4.3,6.3,.680,0.8,7.8,8.5,2.5,0.5,0.3,2.8,2.8,16.3,,2025
106,Jared McCain,20,PHI,SG,23,8,25.7,5.5,11.9,.460,2.2,5.8,.383,3.3,6.1,.532,.553,2.1,2.4,.875,0.6,1.9,2.4,2.6,0.7,0.0,1.6,1.6,15.3,,2025
107,Immanuel Quickley,25,TOR,PG,16,16,26.9,4.9,11.7,.422,2.2,5.9,.372,2.8,5.8,.473,.516,3.2,3.5,.911,0.4,2.3,2.6,5.6,0.5,0.1,2.0,1.6,15.3,,2025
108,Ivica Zubac,27,LAC,C,52,52,31.9,6.8,11.0,.611,0.0,0.0,,6.8,11.0,.611,.611,1.7,2.7,.627,3.8,8.8,12.6,2.5,0.8,1.1,1.7,2.0,15.2,,2025
109,Myles Turner,28,IND,C,46,46,30.6,5.4,11.3,.475,2.0,5.1,.398,3.3,6.2,.539,.565,2.3,3.1,.752,1.3,5.3,6.6,1.5,0.8,1.8,1.9,2.8,15.1,,2025
110,Christian Braun,23,DEN,SG,54,52,33.1,5.9,10.1,.578,1.0,2.6,.373,4.9,7.5,.649,.626,2.3,2.8,.828,1.3,3.8,5.1,2.2,1.1,0.6,1.0,2.2,15.0,,2025
111,Gradey Dick,21,TOR,SG,48,48,29.5,5.1,12.4,.414,2.1,6.2,.345,3.0,6.3,.482,.499,2.6,3.0,.881,0.8,2.6,3.4,1.8,0.9,0.2,1.5,2.3,15.0,,2025
112,Jerami Grant,30,POR,PF,41,41,32.4,4.7,12.2,.383,2.3,6.1,.371,2.4,6.1,.396,.476,3.0,3.6,.856,0.6,2.7,3.3,2.2,0.8,1.0,1.3,2.3,14.7,,2025
113,Josh Hart,29,NYK,SG,53,53,37.8,5.7,10.2,.556,1.1,3.3,.337,4.5,6.9,.660,.610,2.3,2.8,.812,2.2,7.4,9.6,5.7,1.5,0.4,2.0,2.7,14.7,,2025
114,Chet Holmgren,22,OKC,C,13,13,26.3,5.0,10.2,.489,1.3,3.5,.378,3.7,6.8,.545,.553,3.4,4.5,.746,1.5,6.9,8.5,1.8,1.0,2.8,2.2,2.0,14.7,,2025
115,Fred VanVleet,30,HOU,PG,45,45,35.5,5.0,13.0,.387,2.7,7.8,.344,2.4,5.3,.450,.489,1.9,2.3,.824,0.7,3.2,3.9,5.8,1.6,0.4,1.6,2.4,14.6,,2025
116,Deni Avdija,24,POR,SF,52,34,28.7,4.8,10.4,.459,1.5,4.4,.339,3.3,6.1,.544,.529,3.4,4.4,.778,1.2,5.1,6.3,3.4,1.0,0.5,2.5,2.3,14.5,,2025
117,Kelly Oubre Jr.,29,PHI,SF,51,48,34.7,5.6,12.0,.465,1.2,4.0,.288,4.4,8.0,.554,.513,2.2,2.9,.755,1.6,4.8,6.5,1.8,1.5,0.5,1.3,2.9,14.5,,2025
118,Naz Reid,25,MIN,C,55,8,26.7,5.4,11.1,.484,2.2,5.5,.407,3.1,5.6,.560,.585,1.5,1.9,.794,1.1,4.6,5.6,2.0,0.7,0.9,1.2,2.3,14.5,,2025
119,Deandre Ayton,26,POR,C,40,40,30.2,6.6,11.7,.566,0.2,0.8,.188,6.5,10.9,.594,.573,1.0,1.5,.667,3.1,7.1,10.2,1.6,0.8,1.0,1.7,2.2,14.4,,2025
120,Jakob Poeltl,29,TOR,C,45,44,30.9,6.2,10.2,.610,0.0,0.0,.000,6.2,10.2,.613,.610,1.7,2.6,.658,3.5,6.6,10.1,2.8,1.2,1.3,1.9,3.3,14.2,,2025
121,P.J. Washington,26,DAL,PF,43,42,32.6,5.1,11.7,.437,1.6,4.2,.378,3.5,7.5,.470,.505,2.5,3.3,.757,1.6,6.6,8.2,2.3,1.2,1.0,1.9,2.4,14.2,,2025
122,Tre Mann,23,CHO,PG,13,0,24.5,5.4,12.4,.435,1.8,4.6,.400,3.5,7.8,.455,.509,1.5,1.6,.905,0.9,2.0,2.9,3.0,0.5,0.3,1.9,1.8,14.1,,2025
123,Dennis Schröder,31,3TM,PG,50,41,29.0,4.9,11.9,.413,2.0,5.5,.359,3.0,6.4,.460,.496,2.1,2.5,.847,0.3,2.3,2.6,5.4,1.0,0.1,2.2,2.5,13.9,,2025
124,Dennis Schröder,31,BRK,PG,23,23,33.6,6.4,14.1,.452,2.5,6.5,.387,3.9,7.6,.509,.542,3.1,3.5,.889,0.2,2.8,3.0,6.6,1.1,0.2,2.6,2.4,18.4,,2025
125,Dennis Schröder,31,GSW,SG,24,18,26.2,3.9,10.5,.375,1.5,4.8,.322,2.4,5.7,.419,.448,1.2,1.6,.744,0.4,1.9,2.3,4.4,1.0,0.1,2.0,2.8,10.6,,2025
126,Dennis Schröder,31,DET,PG,3,0,16.3,1.7,6.3,.263,1.0,2.7,.375,0.7,3.7,.182,.342,1.3,1.3,1.000,0.0,1.3,1.3,3.7,0.3,0.0,1.0,1.0,5.7,,2025
127,Dyson Daniels,21,ATL,SG,50,50,34.0,5.8,12.2,.474,1.1,3.4,.333,4.7,8.9,.527,.520,1.2,1.9,.617,1.7,3.8,5.4,4.0,3.0,0.8,1.8,2.5,13.9,,2025
128,Klay Thompson,34,DAL,SF,48,48,27.3,5.0,12.0,.417,3.0,7.8,.391,2.0,4.3,.463,.543,0.8,0.9,.902,0.6,2.9,3.5,2.0,0.8,0.5,1.4,1.3,13.9,,2025
129,Payton Pritchard,27,BOS,PG,54,0,27.9,4.9,10.4,.468,3.1,7.7,.411,1.7,2.7,.628,.619,0.9,1.1,.836,1.4,2.5,3.9,3.5,0.9,0.2,1.0,1.6,13.8,,2025
130,Bobby Portis,29,MIL,PF,46,7,25.2,5.6,12.1,.463,1.3,3.6,.364,4.3,8.5,.505,.517,1.2,1.5,.821,1.8,6.5,8.3,2.2,0.7,0.5,1.2,1.9,13.7,,2025
131,Amen Thompson,22,HOU,SF,52,25,31.9,5.3,9.7,.543,0.3,1.3,.254,4.9,8.4,.587,.559,2.8,4.0,.707,2.7,5.4,8.1,3.4,1.4,1.3,2.2,2.3,13.7,,2025
132,Jarrett Allen,26,CLE,C,54,54,28.9,5.5,7.9,.700,0.0,0.1,.000,5.5,7.9,.705,.700,2.5,3.4,.753,2.7,7.7,10.3,2.1,0.9,1.0,1.2,1.5,13.6,,2025
133,Dillon Brooks,29,HOU,SF,52,52,32.3,4.9,11.8,.413,2.4,6.1,.389,2.5,5.7,.439,.514,1.5,1.8,.835,1.2,2.6,3.8,1.5,0.8,0.2,1.0,3.5,13.6,,2025
134,Tobias Harris,32,DET,PF,53,53,31.9,5.2,11.2,.461,1.2,3.8,.325,3.9,7.5,.529,.515,1.9,2.2,.872,0.9,5.0,5.9,2.2,0.9,0.8,1.1,1.8,13.5,,2025
135,Rui Hachimura,26,LAL,PF,45,45,32.0,5.1,9.9,.510,1.7,3.9,.434,3.4,6.0,.559,.595,1.5,2.0,.784,1.4,3.7,5.2,1.4,0.8,0.5,0.9,1.9,13.4,,2025
136,D'Angelo Russell,28,2TM,PG,45,23,25.6,4.5,11.1,.406,2.0,6.0,.331,2.5,5.1,.493,.495,2.2,2.5,.867,0.3,2.5,2.8,5.1,1.0,0.4,1.9,1.9,13.1,,2025
137,D'Angelo Russell,28,LAL,PG,29,10,26.3,4.4,10.7,.415,1.9,5.8,.333,2.5,4.9,.510,.505,1.6,1.8,.849,0.3,2.5,2.8,4.7,0.8,0.1,1.7,1.8,12.4,,2025
138,D'Angelo Russell,28,BRK,PG,16,13,24.4,4.6,11.7,.390,2.1,6.3,.327,2.5,5.4,.465,.479,3.3,3.8,.883,0.4,2.6,3.0,5.8,1.3,0.8,2.3,2.1,14.5,,2025
139,Russell Westbrook,36,DEN,PG,48,27,27.7,4.9,10.3,.477,1.1,3.5,.331,3.8,6.8,.550,.532,2.0,3.2,.641,1.4,3.7,5.1,6.4,1.5,0.5,3.0,2.5,13.0,,2025
140,Stephon Castle,20,SAS,PG,51,29,25.5,4.6,11.0,.420,1.1,3.9,.289,3.5,7.1,.490,.471,2.5,3.5,.734,0.8,2.0,2.8,3.5,0.9,0.3,1.9,1.7,12.9,,2025
141,Moritz Wagner,27,ORL,C,30,1,18.8,4.7,8.3,.562,0.9,2.5,.360,3.8,5.8,.649,.616,2.6,3.7,.718,1.3,3.6,4.9,1.4,0.8,0.4,1.6,1.8,12.9,,2025
142,Santi Aldama,24,MEM,PF,46,11,24.5,5.0,10.1,.494,1.8,4.7,.386,3.2,5.4,.586,.583,1.1,1.5,.721,1.6,5.0,6.7,2.6,0.8,0.5,1.1,1.0,12.8,,2025
143,Malcolm Brogdon,32,WAS,PG,24,13,23.5,4.3,10.0,.433,0.7,2.3,.286,3.7,7.7,.478,.467,3.4,3.8,.880,0.9,2.9,3.8,4.1,0.5,0.2,1.6,1.3,12.7,,2025
144,Khris Middleton,33,MIL,SF,23,7,23.2,4.7,9.2,.512,1.5,3.7,.407,3.2,5.4,.584,.595,1.7,2.0,.848,0.2,3.5,3.7,4.4,0.7,0.2,1.6,2.3,12.6,,2025
145,Ayo Dosunmu,25,CHI,SG,44,26,30.5,4.9,9.8,.495,1.4,4.1,.335,3.5,5.7,.612,.566,1.4,1.8,.792,0.6,2.8,3.4,4.6,0.9,0.4,1.5,2.3,12.5,,2025
146,Bilal Coulibaly,20,WAS,SF,50,50,33.4,4.4,10.7,.417,1.1,3.9,.282,3.3,6.8,.494,.468,2.4,3.2,.752,1.5,3.6,5.1,3.5,1.3,0.7,2.1,2.4,12.4,,2025
147,Scoot Henderson,20,POR,PG,47,9,26.5,4.2,9.8,.434,1.5,4.0,.365,2.8,5.7,.481,.509,2.5,3.1,.789,0.7,2.3,3.0,5.3,1.1,0.3,2.6,2.6,12.4,,2025
148,Terry Rozier,30,MIA,PG,47,21,28.5,4.6,11.2,.407,1.6,5.3,.306,2.9,5.9,.496,.479,1.6,1.9,.856,0.8,3.3,4.1,2.9,0.6,0.3,1.4,1.4,12.4,,2025
149,Daniel Gafford,26,DAL,C,51,28,21.9,5.0,7.1,.699,0.0,0.0,,5.0,7.1,.699,.699,2.4,3.4,.699,2.7,4.1,6.9,1.4,0.4,1.9,1.2,2.7,12.3,,2025
150,Josh Giddey,22,CHI,PG,51,51,28.7,4.6,10.2,.446,1.3,3.9,.345,3.2,6.4,.508,.511,1.7,2.2,.754,1.6,5.5,7.1,6.4,1.1,0.6,2.7,1.7,12.2,,2025
151,Aaron Gordon,29,DEN,PF,32,23,26.5,4.2,8.4,.502,1.1,2.7,.414,3.1,5.7,.544,.569,2.6,3.2,.796,1.5,3.3,4.8,3.2,0.5,0.3,1.3,1.5,12.1,,2025
152,Brook Lopez,36,MIL,C,52,52,31.8,4.6,9.6,.475,1.8,5.0,.368,2.7,4.6,.592,.571,1.2,1.4,.822,1.2,3.6,4.7,1.7,0.7,1.9,1.0,2.2,12.1,,2025
153,Onyeka Okongwu,24,ATL,C,48,14,25.5,4.8,8.4,.573,0.4,1.6,.273,4.4,6.8,.643,.599,2.0,2.8,.731,2.8,5.2,8.0,2.1,0.9,0.9,1.0,2.4,12.1,,2025
154,Keegan Murray,24,SAC,PF,52,52,35.0,4.7,10.7,.435,1.8,5.6,.322,2.8,5.1,.561,.520,0.9,1.1,.821,2.1,5.0,7.1,1.5,0.8,0.9,0.9,2.6,12.0,,2025
155,Daeqwon Plowden,26,ATL,SG,2,0,16.5,4.0,5.0,.800,3.0,4.0,.750,1.0,1.0,1.000,1.100,1.0,1.0,1.000,1.5,1.0,2.5,0.0,0.0,0.0,0.5,2.5,12.0,,2025
156,Harrison Barnes,32,SAS,PF,52,52,28.0,4.1,8.1,.502,1.6,3.9,.418,2.5,4.3,.579,.602,2.1,2.6,.807,1.5,2.7,4.2,1.8,0.4,0.2,0.6,1.0,11.9,,2025
157,Jabari Smith Jr.,21,HOU,PF,33,33,30.9,4.1,9.5,.435,1.7,4.8,.354,2.4,4.7,.516,.524,2.0,2.3,.867,1.8,4.7,6.5,1.0,0.4,1.0,0.9,2.3,11.9,,2025
158,Corey Kispert,25,WAS,SF,49,0,26.8,4.3,9.5,.457,2.0,5.5,.363,2.3,4.0,.588,.563,1.1,1.3,.871,0.7,2.4,3.1,1.6,0.5,0.2,1.1,1.6,11.8,,2025
159,Dante Exum,29,DAL,PG,7,5,19.7,4.4,7.9,.564,1.1,2.4,.471,3.3,5.4,.605,.636,1.7,2.7,.632,0.3,1.4,1.7,3.7,0.7,0.1,1.0,1.6,11.7,,2025
160,Jeremy Sochan,21,SAS,PF,33,19,26.1,4.7,8.7,.545,0.5,1.4,.340,4.2,7.2,.586,.573,1.7,2.4,.722,2.5,4.7,7.2,2.5,0.9,0.5,1.7,2.4,11.7,,2025
161,Tari Eason,23,HOU,PF,36,4,24.2,4.5,9.3,.483,1.0,2.9,.349,3.4,6.3,.546,.539,1.5,2.1,.743,2.2,4.1,6.3,1.2,1.9,0.9,0.9,2.4,11.5,,2025
162,Buddy Hield,32,GSW,SG,55,22,23.6,4.1,10.2,.407,2.5,7.0,.363,1.6,3.2,.503,.531,0.7,0.8,.822,0.6,2.8,3.3,1.6,0.9,0.3,1.2,1.8,11.5,,2025
163,Keldon Johnson,25,SAS,SF,49,0,23.2,4.3,9.5,.452,1.1,3.6,.303,3.2,5.9,.541,.509,1.9,2.4,.771,1.3,3.2,4.5,1.4,0.6,0.2,0.9,1.4,11.5,,2025
164,Jaden McDaniels,24,MIN,PF,56,56,31.8,4.5,9.6,.469,1.3,3.8,.338,3.2,5.8,.554,.535,1.1,1.4,.800,1.5,4.0,5.6,1.8,1.4,0.9,1.1,3.0,11.5,,2025
165,Ty Jerome,27,CLE,SG,50,2,19.1,4.2,8.1,.516,1.5,3.4,.427,2.7,4.6,.582,.607,1.6,1.8,.898,0.7,1.7,2.5,3.4,1.2,0.0,1.2,1.4,11.4,,2025
166,Zaccharie Risacher,19,ATL,SF,48,46,23.8,4.3,9.9,.433,1.3,4.1,.317,3.0,5.8,.516,.499,1.5,2.2,.712,1.2,2.1,3.3,1.2,0.8,0.5,1.1,2.0,11.4,,2025
167,Alex Sarr,19,WAS,C,42,42,26.9,4.3,11.0,.393,1.4,4.6,.308,2.9,6.3,.455,.458,1.4,2.1,.640,1.8,4.8,6.6,2.2,0.6,1.6,1.4,2.3,11.4,,2025
168,Walker Kessler,23,UTA,C,42,42,30.4,4.9,6.8,.718,0.0,0.1,.333,4.9,6.7,.726,.721,1.5,2.7,.554,4.5,7.3,11.8,1.5,0.6,2.4,1.5,2.2,11.3,,2025
169,Naji Marshall,27,DAL,SF,43,14,24.9,4.5,8.8,.509,0.9,2.9,.315,3.6,5.9,.605,.561,1.4,1.7,.845,1.0,2.9,3.8,2.6,1.0,0.1,1.4,1.6,11.2,,2025
170,Jaylen Wells,21,MEM,SG,54,49,25.8,4.0,8.9,.446,1.9,4.9,.376,2.1,4.0,.532,.550,1.4,1.7,.833,1.1,2.1,3.2,1.7,0.6,0.1,0.9,1.9,11.2,,2025
171,Jonas Valančiūnas,32,2TM,C,54,12,19.6,4.5,8.3,.546,0.1,0.5,.259,4.4,7.8,.564,.554,1.9,2.2,.873,2.4,5.5,7.9,2.1,0.4,0.6,1.7,2.1,11.1,,2025
172,Jonas Valančiūnas,32,WAS,C,49,12,20.1,4.7,8.6,.547,0.1,0.6,.259,4.6,8.1,.567,.556,1.9,2.2,.896,2.4,5.8,8.2,2.2,0.4,0.6,1.8,2.0,11.5,,2025
173,Jonas Valančiūnas,32,SAC,C,5,0,15.4,2.6,5.0,.520,0.0,0.0,,2.6,5.0,.520,.520,1.6,2.4,.667,2.4,2.4,4.8,1.2,0.4,0.6,1.2,3.2,6.8,,2025
174,Isaiah Hartenstein,26,OKC,C,34,33,29.0,4.8,8.5,.566,0.0,0.4,.000,4.8,8.1,.592,.566,1.5,2.3,.646,3.2,8.7,11.9,3.9,0.8,1.1,1.9,2.9,11.1,,2025
175,Tyus Jones,28,PHO,PG,53,53,29.6,4.1,9.1,.454,2.1,5.1,.407,2.1,4.0,.514,.567,0.8,0.9,.872,0.6,1.9,2.5,6.0,0.9,0.1,1.4,1.0,11.1,,2025
176,Guerschon Yabusele,29,PHI,C,51,27,26.6,4.1,7.9,.516,1.5,3.9,.401,2.5,4.0,.626,.614,1.4,1.8,.742,1.9,3.7,5.5,2.0,0.8,0.4,1.3,2.5,11.1,,2025
177,Grayson Allen,29,PHO,SG,43,3,25.0,3.5,7.9,.448,2.5,5.9,.433,1.0,2.0,.494,.609,1.4,1.7,.836,0.6,2.7,3.4,2.1,1.0,0.3,1.0,1.4,11.0,,2025
178,Donte DiVincenzo,28,MIN,SG,40,8,26.4,3.7,9.3,.397,2.6,7.0,.369,1.1,2.4,.479,.535,1.0,1.3,.820,0.6,3.1,3.7,3.6,1.2,0.2,1.8,1.6,11.0,,2025
179,Rudy Gobert,32,MIN,C,55,55,33.3,4.3,6.5,.653,0.0,0.0,,4.3,6.5,.653,.653,2.4,3.6,.680,3.5,6.9,10.4,1.8,0.7,1.5,1.4,2.4,11.0,,2025
180,Jrue Holiday,34,BOS,PG,44,44,30.2,4.0,9.1,.438,1.8,5.1,.342,2.3,4.0,.559,.534,1.2,1.4,.900,1.1,3.3,4.4,3.7,1.0,0.4,1.3,1.6,11.0,,2025
181,Nikola Jović,21,MIA,PF,44,10,25.1,3.8,8.3,.454,1.7,4.6,.373,2.0,3.7,.556,.557,1.6,2.0,.828,0.6,3.4,3.9,2.9,0.8,0.3,1.4,1.7,10.9,,2025
182,Aaron Wiggins,26,OKC,SG,54,19,22.1,4.3,8.6,.498,1.5,4.0,.381,2.8,4.6,.601,.587,0.8,0.9,.854,1.1,2.6,3.7,1.6,0.8,0.2,0.9,1.3,10.9,,2025
183,Jalen Duren,21,DET,C,52,52,25.7,4.5,6.5,.694,0.0,0.0,,4.5,6.5,.694,.694,1.8,2.6,.686,3.6,6.6,10.2,2.5,0.7,1.2,1.9,3.2,10.8,,2025
184,Quentin Grimes,24,2TM,SG,51,13,23.5,3.8,8.1,.465,1.7,4.5,.390,2.0,3.7,.556,.572,1.4,1.9,.758,0.7,3.3,4.0,2.3,0.7,0.3,1.3,1.7,10.7,,2025
185,Quentin Grimes,24,DAL,SG,47,12,22.8,3.6,7.8,.463,1.7,4.3,.398,1.9,3.5,.543,.573,1.3,1.7,.765,0.6,3.2,3.8,2.1,0.7,0.2,1.3,1.7,10.2,,2025
186,Quentin Grimes,24,PHI,SG,4,1,32.8,6.0,12.5,.480,2.3,6.8,.333,3.8,5.8,.652,.570,2.5,3.5,.714,1.8,4.5,6.3,3.8,1.0,0.8,1.0,1.8,16.8,,2025
187,Brandon Boston Jr.,23,NOP,SG,42,10,23.6,4.0,9.1,.436,1.2,3.3,.350,2.8,5.7,.485,.500,1.6,2.0,.788,0.7,2.5,3.2,2.2,1.3,0.2,1.2,1.7,10.7,,2025
188,Duncan Robinson,30,MIA,SF,50,30,24.1,3.8,9.0,.420,2.5,6.5,.378,1.3,2.5,.528,.557,0.7,0.8,.895,0.3,2.0,2.3,2.7,0.5,0.1,1.1,2.0,10.7,,2025
189,Caris LeVert,30,2TM,SG,41,3,24.1,3.7,8.0,.460,1.6,4.0,.405,2.1,4.0,.515,.561,1.6,2.3,.705,0.7,2.5,3.1,3.6,0.8,0.5,1.3,1.4,10.6,,2025
190,Caris LeVert,30,CLE,SF,38,3,23.8,3.6,7.8,.453,1.6,3.9,.405,2.0,3.9,.500,.554,1.5,2.2,.699,0.6,2.2,2.8,3.7,0.9,0.5,1.3,1.3,10.2,,2025
191,Caris LeVert,30,ATL,SG,3,0,27.7,5.3,10.0,.533,2.0,5.0,.400,3.3,5.0,.667,.633,3.0,4.0,.750,1.7,5.3,7.0,3.0,0.0,1.0,0.7,3.7,15.7,,2025
192,Jordan Hawkins,22,NOP,SG,37,5,23.0,3.6,9.8,.365,1.9,5.7,.333,1.7,4.2,.409,.462,1.5,1.8,.838,0.4,2.1,2.4,1.1,0.6,0.4,0.9,0.8,10.6,,2025
193,Spencer Dinwiddie,31,DAL,PG,54,19,25.3,3.4,8.0,.420,1.4,4.0,.349,2.0,4.0,.491,.507,2.4,2.9,.838,0.2,2.2,2.4,3.7,0.9,0.2,1.2,1.5,10.5,,2025
194,Tim Hardaway Jr.,32,DET,SG,51,51,28.4,3.4,8.4,.408,2.1,5.6,.374,1.3,2.8,.476,.533,1.6,1.9,.825,0.2,2.1,2.3,1.6,0.5,0.1,0.7,1.3,10.5,,2025
195,Andrew Nembhard,25,IND,SG,37,37,28.4,3.9,8.3,.468,0.8,2.4,.322,3.1,6.0,.525,.513,1.9,2.5,.783,0.5,2.7,3.3,4.9,1.3,0.1,1.8,2.4,10.5,,2025
196,Ochai Agbaji,24,TOR,SG,49,37,27.8,4.2,8.2,.509,1.5,3.9,.393,2.6,4.3,.614,.602,0.6,0.9,.667,0.9,2.9,3.8,1.6,0.8,0.6,0.8,1.9,10.4,,2025
197,Amir Coffey,27,LAC,SG,52,11,25.9,3.6,7.5,.476,1.6,3.7,.428,2.0,3.8,.523,.582,1.7,1.8,.906,0.5,1.9,2.4,1.1,0.6,0.1,0.7,1.7,10.4,,2025
198,Derrick Jones Jr.,27,LAC,SF,52,48,25.1,4.2,8.1,.518,1.0,2.8,.368,3.2,5.3,.596,.581,1.0,1.4,.750,1.3,2.3,3.6,0.9,1.2,0.4,0.9,2.1,10.4,,2025
199,Grant Williams,26,CHO,PF,16,7,29.9,3.4,7.7,.439,1.7,4.6,.365,1.7,3.1,.551,.549,1.9,2.3,.838,1.1,4.0,5.1,2.3,1.1,0.8,1.8,2.9,10.4,,2025
200,Herbert Jones,26,NOP,SF,20,20,32.4,3.8,8.6,.436,1.1,3.6,.306,2.7,5.0,.530,.500,1.7,2.0,.825,1.1,2.8,3.9,3.3,1.9,0.5,1.8,3.3,10.3,,2025
201,De'Anthony Melton,26,GSW,SG,6,2,20.2,3.7,9.0,.407,2.2,5.8,.371,1.5,3.2,.474,.528,0.8,1.3,.625,1.0,2.3,3.3,2.8,1.2,0.3,1.7,3.0,10.3,,2025
202,Obi Toppin,26,IND,PF,50,0,19.4,4.0,7.4,.537,1.3,3.5,.356,2.7,3.8,.703,.622,1.2,1.5,.795,0.7,3.4,4.1,1.5,0.6,0.4,0.7,1.4,10.3,,2025
203,Gary Trent Jr.,26,MIL,SG,48,7,25.1,3.6,8.3,.438,2.3,5.4,.429,1.3,2.8,.456,.579,0.8,0.9,.837,0.2,2.1,2.4,1.1,1.0,0.1,0.6,1.9,10.3,,2025
204,Chris Boucher,32,TOR,PF,46,0,17.3,3.7,7.5,.491,1.4,3.9,.365,2.2,3.5,.632,.587,1.4,1.7,.788,1.3,3.1,4.4,0.6,0.5,0.5,0.6,1.4,10.2,,2025
205,Toumani Camara,24,POR,PF,53,53,32.3,3.8,8.5,.444,1.5,4.1,.356,2.3,4.4,.526,.530,1.1,1.5,.747,2.3,3.6,5.9,2.0,1.4,0.6,1.5,3.0,10.1,,2025
206,Nic Claxton,25,BRK,C,47,39,26.6,4.4,8.1,.546,0.0,0.3,.071,4.4,7.8,.564,.547,1.2,2.3,.537,2.1,5.4,7.5,2.0,0.9,1.4,1.2,2.0,10.1,,2025
207,Jose Alvarado,26,NOP,PG,31,11,23.2,3.4,8.3,.412,2.2,5.5,.398,1.2,2.8,.442,.545,1.0,1.2,.811,0.5,1.6,2.1,4.4,1.4,0.3,1.2,1.9,10.0,,2025
208,Luguentz Dort,25,OKC,SF,50,50,29.0,3.5,8.2,.431,2.3,5.6,.410,1.2,2.6,.477,.571,0.7,0.8,.825,1.4,2.8,4.2,1.6,1.1,0.6,0.7,3.1,10.0,,2025
209,Jordan Goodwin,26,LAL,PG,3,0,21.3,4.3,7.3,.591,1.0,2.3,.429,3.3,5.0,.667,.659,0.3,0.3,1.000,2.0,3.3,5.3,1.3,1.0,0.0,0.7,2.3,10.0,,2025
210,Julian Champagnie,23,SAS,SF,52,26,24.7,3.4,8.2,.418,2.2,6.0,.362,1.3,2.2,.570,.550,0.9,1.0,.906,0.8,3.2,4.0,1.2,0.8,0.4,1.0,1.4,9.9,,2025
211,Keon Johnson,22,BRK,SG,52,32,23.3,3.6,9.6,.372,1.5,5.0,.293,2.1,4.6,.456,.448,1.3,1.6,.783,0.8,2.8,3.5,1.9,0.9,0.3,1.2,2.5,9.9,,2025
212,Bogdan Bogdanović,32,2TM,SG,26,0,24.6,3.4,9.2,.374,1.8,5.9,.299,1.7,3.2,.512,.471,1.2,1.3,.882,0.5,2.2,2.7,2.0,0.9,0.2,1.5,2.3,9.8,,2025
213,Bogdan Bogdanović,32,ATL,SG,24,0,24.9,3.5,9.3,.371,1.8,6.1,.301,1.6,3.3,.500,.469,1.3,1.4,.882,0.5,2.3,2.8,2.0,0.8,0.3,1.5,2.4,10.0,,2025
214,Bogdan Bogdanović,32,LAC,SG,2,0,20.5,3.0,7.0,.429,1.0,4.0,.250,2.0,3.0,.667,.500,0.0,0.0,,0.5,1.0,1.5,1.5,2.0,0.0,1.0,2.0,7.0,,2025
215,GG Jackson II,20,MEM,PF,12,0,17.8,3.5,8.3,.420,1.3,4.2,.320,2.2,4.2,.520,.500,1.5,2.2,.692,1.2,2.5,3.7,1.0,0.5,0.2,1.4,0.9,9.8,,2025
216,T.J. McConnell,32,IND,PG,52,0,18.6,4.4,8.6,.519,0.2,0.6,.250,4.3,7.9,.540,.528,0.8,1.1,.732,0.5,2.0,2.5,4.6,1.2,0.3,1.5,1.0,9.8,,2025
217,Svi Mykhailiuk,27,UTA,SF,22,12,20.0,3.5,8.6,.402,2.1,6.1,.343,1.4,2.5,.545,.524,0.8,1.0,.783,0.5,2.0,2.5,1.7,0.7,0.3,1.6,1.3,9.8,,2025
218,Brandin Podziemski,21,GSW,SG,42,11,25.3,3.6,8.4,.429,1.3,4.1,.320,2.3,4.3,.533,.507,1.1,1.5,.738,1.0,3.7,4.7,3.5,1.1,0.2,1.1,1.5,9.7,,2025
219,Royce O'Neale,31,PHO,SF,48,15,25.8,3.4,8.0,.427,2.4,5.9,.411,1.0,2.1,.470,.579,0.4,0.5,.773,0.8,4.2,5.0,2.1,1.0,0.5,0.9,2.2,9.6,,2025
220,Julian Strawther,22,DEN,SG,55,4,22.6,3.4,7.9,.434,1.6,4.4,.364,1.8,3.5,.523,.536,1.1,1.4,.827,0.3,2.0,2.3,1.3,0.7,0.3,0.9,2.5,9.6,,2025
221,Cam Whitmore,20,HOU,SF,36,0,17.5,3.6,8.7,.414,1.3,4.1,.313,2.3,4.6,.503,.487,1.1,1.5,.727,0.7,2.5,3.2,0.9,0.7,0.3,1.0,1.1,9.6,,2025
222,Max Christie,21,2TM,SG,52,27,26.2,3.1,6.9,.453,1.4,3.8,.383,1.7,3.2,.537,.557,1.8,2.1,.845,0.6,2.4,3.0,1.7,0.8,0.5,1.0,1.6,9.5,,2025
223,Max Christie,21,LAL,SG,46,25,25.1,2.8,6.3,.444,1.3,3.5,.368,1.5,2.7,.544,.549,1.6,1.9,.851,0.5,2.1,2.7,1.4,0.8,0.5,0.8,1.6,8.5,,2025
224,Max Christie,21,DAL,SG,6,2,34.5,5.8,12.0,.486,2.5,5.5,.455,3.3,6.5,.513,.590,3.2,3.8,.826,0.8,4.3,5.2,3.5,1.2,0.7,2.0,1.7,17.3,,2025
225,Zach Edey,22,MEM,C,40,33,20.6,3.9,6.7,.582,0.4,1.0,.350,3.6,5.7,.623,.608,1.3,1.9,.684,3.2,4.4,7.6,0.9,0.7,1.2,1.4,2.6,9.5,,2025
226,Tosan Evbuomwan,23,BRK,SF,20,0,24.3,3.5,7.8,.442,0.8,2.6,.294,2.7,5.3,.514,.490,1.8,2.5,.735,1.2,2.9,4.1,1.7,0.8,0.4,1.6,1.9,9.5,,2025
227,Isaiah Joe,25,OKC,SG,49,11,21.3,3.3,7.8,.430,2.4,6.1,.395,0.9,1.7,.561,.585,0.4,0.6,.700,0.5,2.0,2.5,1.4,0.7,0.1,0.5,1.7,9.5,,2025
228,Scotty Pippen Jr.,24,MEM,PG,54,16,20.7,3.5,7.4,.471,1.0,2.7,.358,2.5,4.7,.538,.537,1.5,2.2,.678,0.8,2.6,3.3,4.4,1.2,0.4,1.8,2.5,9.5,,2025
229,Clint Capela,30,ATL,C,45,41,22.4,4.2,7.3,.573,0.0,0.0,,4.2,7.3,.573,.573,1.0,1.9,.541,3.3,5.7,9.0,1.2,0.6,1.0,1.0,2.0,9.4,,2025
230,Noah Clowney,20,BRK,PF,37,18,23.1,3.0,8.1,.375,2.0,5.6,.354,1.0,2.4,.422,.498,1.4,1.6,.850,0.9,3.0,3.9,0.8,0.5,0.5,1.0,2.4,9.4,,2025
231,Luke Kennard,28,MEM,SG,41,7,22.0,3.2,6.7,.471,2.1,4.4,.478,1.1,2.3,.458,.627,0.9,1.0,.884,0.6,2.3,2.9,3.3,0.7,0.1,1.1,0.8,9.4,,2025
232,Dalton Knecht,23,LAL,SF,49,12,20.6,3.4,7.3,.464,1.6,4.5,.360,1.8,2.8,.630,.575,1.0,1.2,.814,0.5,2.5,3.0,0.9,0.3,0.1,0.5,1.3,9.4,,2025
233,Ziaire Williams,23,BRK,SF,40,23,23.6,3.1,7.9,.398,1.3,4.0,.325,1.8,3.9,.474,.481,1.8,2.2,.818,1.1,3.7,4.8,1.5,1.0,0.4,1.0,2.4,9.4,,2025
234,Anthony Black,21,ORL,PG,52,9,24.9,3.3,7.8,.418,0.7,2.4,.282,2.6,5.4,.479,.462,2.1,2.8,.750,0.6,2.0,2.6,3.4,1.0,0.5,1.8,2.2,9.3,,2025
235,Ausar Thompson,22,DET,SF,33,22,20.9,3.8,7.0,.550,0.2,1.0,.219,3.6,6.0,.603,.565,1.4,2.4,.595,1.7,3.3,5.0,2.2,1.6,0.5,1.4,2.7,9.3,,2025
236,Jalen Wilson,24,BRK,PF,53,15,27.3,3.2,8.1,.392,1.4,4.5,.309,1.8,3.6,.492,.477,1.5,1.9,.820,1.1,2.4,3.5,1.9,0.5,0.1,1.2,2.2,9.3,,2025
237,Kevin Porter Jr.,24,2TM,SG,47,2,19.5,3.8,8.9,.424,0.6,2.3,.250,3.2,6.6,.485,.457,1.1,1.7,.654,0.6,3.0,3.6,3.2,1.0,0.2,1.9,1.6,9.2,,2025
238,Kevin Porter Jr.,24,LAC,SG,45,2,19.6,3.8,9.0,.423,0.6,2.4,.245,3.2,6.7,.485,.455,1.1,1.7,.645,0.6,2.9,3.6,3.2,1.0,0.2,1.9,1.6,9.3,,2025
239,Kevin Porter Jr.,24,MIL,SG,2,0,16.0,2.5,5.0,.500,0.5,1.0,.500,2.0,4.0,.500,.550,1.0,1.0,1.000,0.0,4.5,4.5,3.5,1.0,0.0,1.5,1.5,6.5,,2025
240,Cole Anthony,24,ORL,PG,51,13,17.4,3.4,8.1,.425,1.0,3.2,.325,2.4,4.9,.490,.489,1.3,1.6,.786,0.6,2.2,2.8,2.7,0.7,0.3,1.6,2.2,9.2,,2025
241,Jaime Jaquez Jr.,23,MIA,SF,46,11,23.1,3.3,7.6,.437,0.6,2.0,.293,2.7,5.6,.488,.476,2.0,2.6,.767,1.3,3.5,4.7,2.7,1.1,0.2,1.5,1.5,9.2,,2025
242,Moses Moody,22,GSW,SG,47,7,19.4,3.2,7.3,.433,1.7,4.4,.375,1.5,2.9,.522,.547,1.2,1.6,.724,0.6,1.7,2.3,1.1,0.6,0.4,0.7,1.5,9.2,,2025
243,Chris Paul,39,SAS,PG,52,52,29.1,3.1,7.4,.414,1.7,4.8,.359,1.3,2.6,.515,.530,1.3,1.4,.946,0.5,3.6,4.0,8.1,1.3,0.2,1.5,1.9,9.2,,2025
244,Georges Niang,31,2TM,PF,54,2,21.1,3.4,7.1,.478,1.8,4.5,.404,1.5,2.5,.610,.608,0.5,0.6,.794,0.7,3.1,3.8,1.4,0.4,0.2,0.9,2.5,9.1,,2025
245,Georges Niang,31,CLE,PF,51,1,20.6,3.3,6.8,.477,1.8,4.4,.400,1.5,2.4,.618,.606,0.5,0.6,.793,0.7,3.0,3.7,1.3,0.3,0.1,0.9,2.5,8.7,,2025
246,Georges Niang,31,ATL,PF,3,1,28.0,5.3,11.0,.485,3.0,6.7,.450,2.3,4.3,.538,.621,1.3,1.7,.800,1.0,3.7,4.7,2.3,1.3,0.7,0.7,2.7,15.0,,2025
247,Carlton Carrington,19,WAS,PG,54,39,29.5,3.4,8.2,.408,1.7,4.7,.356,1.7,3.5,.476,.509,0.7,0.9,.826,0.4,3.6,4.0,4.0,0.7,0.2,1.6,2.4,9.1,,2025
248,Dereck Lively II,20,DAL,C,32,25,24.0,3.9,5.5,.701,0.0,0.0,,3.9,5.5,.701,.701,1.4,2.2,.638,3.1,4.8,7.8,2.6,0.5,1.7,1.2,2.9,9.1,,2025
249,Caleb Martin,29,PHI,SF,31,24,30.4,3.3,7.5,.435,1.1,2.8,.379,2.2,4.7,.469,.506,1.5,2.4,.622,1.4,3.0,4.4,2.2,1.1,0.6,1.4,2.0,9.1,,2025
250,Patrick Williams,23,CHI,PF,45,35,26.2,3.2,8.6,.375,1.6,4.5,.351,1.6,4.1,.400,.466,1.1,1.4,.769,0.8,3.3,4.0,2.0,0.8,0.6,1.3,1.3,9.1,,2025
251,Miles McBride,24,NYK,PG,44,0,23.2,3.2,7.7,.417,1.7,4.5,.376,1.5,3.2,.475,.527,1.0,1.1,.857,0.7,1.6,2.3,2.6,0.9,0.2,0.7,1.5,9.0,,2025
252,Dalano Banton,25,POR,PG,42,0,15.9,3.1,7.6,.409,1.2,3.4,.362,1.9,4.3,.447,.489,1.4,2.0,.698,0.3,1.6,1.9,2.2,0.7,0.5,1.3,0.9,8.9,,2025
253,Nick Richards,27,2TM,C,35,22,22.0,3.2,5.6,.566,0.0,0.1,.000,3.2,5.5,.572,.566,2.5,3.6,.704,2.6,5.9,8.5,1.0,0.3,1.2,1.5,2.5,8.9,,2025
254,Nick Richards,27,CHO,C,21,9,21.0,3.0,5.4,.561,0.0,0.0,.000,3.0,5.4,.566,.561,2.8,4.1,.678,2.4,5.1,7.5,1.3,0.3,1.2,1.6,2.3,8.9,,2025
255,Nick Richards,27,PHO,C,14,13,23.6,3.4,5.9,.573,0.0,0.1,.000,3.4,5.8,.580,.573,2.1,2.7,.763,2.9,7.1,10.0,0.6,0.2,1.1,1.4,2.9,8.8,,2025
256,Brice Sensabaugh,21,UTA,SF,44,1,17.3,3.2,7.1,.446,1.6,4.3,.372,1.6,2.8,.561,.559,0.9,1.0,.907,0.6,1.9,2.5,1.2,0.6,0.1,1.3,1.4,8.9,,2025
257,Trendon Watford,24,BRK,PF,19,0,17.3,3.2,6.8,.473,0.6,1.9,.324,2.6,4.8,.533,.519,1.9,2.3,.837,0.4,2.5,2.9,1.5,0.6,0.3,1.2,2.3,8.9,,2025
258,Nickeil Alexander-Walker,26,MIN,SG,56,8,24.5,3.2,7.2,.439,1.7,4.4,.391,1.4,2.8,.516,.560,0.8,1.0,.754,0.6,2.5,3.1,2.5,0.6,0.3,1.3,1.8,8.8,,2025
259,Wendell Carter Jr.,25,ORL,C,43,26,25.2,3.1,6.8,.457,0.4,2.2,.202,2.7,4.6,.578,.490,2.1,2.9,.720,1.8,5.2,7.1,2.3,0.8,0.5,1.0,2.7,8.8,,2025
260,Dorian Finney-Smith,31,2TM,PF,37,25,27.2,3.1,6.7,.462,1.9,4.6,.413,1.2,2.1,.571,.604,0.6,0.8,.677,1.2,2.6,3.8,1.4,0.9,0.4,0.9,2.4,8.7,,2025
261,Dorian Finney-Smith,31,BRK,PF,20,20,29.0,3.7,8.0,.459,2.4,5.4,.435,1.3,2.6,.510,.607,0.8,1.2,.625,1.6,3.0,4.6,1.6,0.9,0.6,0.9,2.7,10.4,,2025
262,Dorian Finney-Smith,31,LAL,PF,17,5,25.2,2.5,5.3,.467,1.4,3.8,.375,1.1,1.5,.692,.600,0.4,0.4,.857,0.8,2.2,3.0,1.3,0.9,0.1,0.9,2.1,6.7,,2025
263,Kentavious Caldwell-Pope,31,ORL,SG,53,53,30.2,3.0,7.4,.410,1.4,4.6,.309,1.6,2.8,.578,.506,1.2,1.3,.886,0.4,1.7,2.1,1.8,1.5,0.5,0.8,1.9,8.7,,2025
264,Marcus Smart,30,MEM,PG,19,6,21.1,2.8,7.8,.358,1.5,4.7,.322,1.3,3.1,.414,.456,1.6,1.9,.833,0.7,1.5,2.3,3.7,1.2,0.3,1.8,1.6,8.7,,2025
265,Max Strus,28,CLE,SF,25,12,24.9,3.1,7.3,.423,2.2,5.8,.379,0.9,1.5,.595,.574,0.4,0.4,.818,0.8,3.6,4.4,3.1,0.6,0.4,1.0,2.0,8.7,,2025
266,Jusuf Nurkić,30,2TM,C,26,24,23.4,3.0,6.5,.458,0.7,2.3,.317,2.2,4.2,.537,.515,2.0,2.8,.699,1.8,7.3,9.1,1.8,0.9,0.7,2.2,3.0,8.6,,2025
267,Jusuf Nurkić,30,PHO,C,25,23,23.7,3.0,6.5,.454,0.8,2.4,.322,2.2,4.2,.529,.512,1.9,2.8,.696,1.8,7.3,9.2,1.9,0.9,0.6,2.3,3.1,8.6,,2025
268,Jusuf Nurkić,30,CHO,C,1,1,16.0,3.0,5.0,.600,0.0,1.0,.000,3.0,4.0,.750,.600,3.0,4.0,.750,1.0,7.0,8.0,1.0,1.0,1.0,1.0,1.0,9.0,,2025
269,Goga Bitadze,25,ORL,C,45,41,23.6,3.6,5.9,.614,0.0,0.4,.100,3.6,5.5,.656,.618,1.3,2.0,.633,2.7,5.3,8.0,2.2,0.8,1.7,1.3,2.2,8.6,,2025
270,Jalen Smith,24,CHI,C,50,1,15.3,3.0,6.4,.476,1.3,3.6,.354,1.8,2.8,.631,.575,1.2,1.5,.836,1.4,4.1,5.5,0.9,0.2,0.7,0.6,1.5,8.6,,2025
271,Kel'el Ware,20,MIA,C,38,12,19.1,3.6,6.7,.535,0.7,1.8,.357,2.9,4.8,.603,.585,0.8,1.1,.732,1.4,4.4,5.8,0.8,0.6,1.0,0.8,1.3,8.6,,2025
272,Draymond Green,34,GSW,PF,41,39,28.5,3.0,7.0,.427,1.2,3.5,.343,1.8,3.5,.510,.512,1.3,2.1,.632,1.0,4.8,5.8,5.6,1.3,1.1,2.5,3.1,8.5,,2025
273,Yves Missi,20,NOP,C,52,46,27.1,3.4,6.3,.543,0.0,0.0,.000,3.4,6.3,.544,.543,1.7,2.6,.649,3.4,4.6,8.0,1.4,0.5,1.4,1.2,2.1,8.5,,2025
274,Larry Nance Jr.,32,ATL,PF,24,3,19.3,3.3,6.5,.516,1.4,3.2,.447,1.9,3.3,.582,.626,0.4,0.5,.692,1.0,3.3,4.3,1.6,0.8,0.5,0.7,1.5,8.5,,2025
275,Jaylen Nowell,25,NOP,SG,8,0,21.0,3.3,9.1,.356,1.0,3.4,.296,2.3,5.8,.391,.411,0.9,1.4,.636,0.8,1.8,2.5,2.3,0.1,0.5,1.0,1.1,8.4,,2025
276,Tristan Da Silva,23,ORL,SF,52,35,24.9,3.1,7.3,.425,1.2,3.7,.332,1.9,3.6,.519,.508,0.9,1.0,.865,1.2,2.6,3.8,1.7,0.5,0.3,0.9,1.4,8.3,,2025
277,Mike Conley,37,MIN,PG,47,41,25.1,2.6,7.0,.371,1.8,4.6,.390,0.8,2.4,.333,.500,1.2,1.4,.906,0.5,2.2,2.7,4.6,1.2,0.2,1.1,1.4,8.2,,2025
278,Justin Edwards,21,PHI,SF,25,9,23.8,3.1,6.7,.464,1.4,4.0,.364,1.7,2.8,.609,.571,0.5,0.8,.632,1.0,2.2,3.2,1.4,0.8,0.3,0.8,2.2,8.2,,2025
279,Keon Ellis,25,SAC,SG,53,11,22.4,2.8,5.6,.488,1.8,3.9,.447,1.0,1.7,.582,.644,0.9,1.1,.842,0.8,1.8,2.6,1.3,1.4,0.8,0.8,1.8,8.2,,2025
280,Day'Ron Sharpe,23,BRK,C,32,0,17.3,3.4,6.5,.522,0.2,0.9,.200,3.2,5.5,.576,.536,1.3,1.7,.774,3.0,3.2,6.2,1.6,0.7,0.6,1.3,2.1,8.2,,2025
281,Kyshawn George,21,WAS,SG,48,18,26.2,2.8,7.5,.365,1.6,5.1,.312,1.1,2.4,.478,.471,1.0,1.3,.770,0.8,3.2,4.0,2.2,0.9,0.6,1.3,3.0,8.1,,2025
282,Peyton Watson,22,DEN,SF,48,12,24.1,2.9,6.2,.471,0.7,2.0,.340,2.3,4.2,.532,.525,1.6,2.1,.752,0.8,2.6,3.4,1.5,0.9,1.2,0.9,1.7,8.1,,2025
283,Bruce Brown,28,2TM,PG,20,0,19.8,3.0,7.2,.420,0.6,2.0,.275,2.5,5.2,.476,.458,1.5,1.7,.879,0.9,2.9,3.8,1.6,0.9,0.2,1.0,1.7,8.0,,2025
284,Bruce Brown,28,TOR,PG,18,0,19.6,3.2,7.3,.435,0.6,2.0,.306,2.6,5.3,.484,.477,1.4,1.6,.897,0.9,2.8,3.8,1.6,0.9,0.2,1.1,1.4,8.4,,2025
285,Bruce Brown,28,NOP,PG,2,0,21.5,1.5,6.0,.250,0.0,2.0,.000,1.5,4.0,.375,.250,1.5,2.0,.750,0.5,3.0,3.5,1.5,0.5,0.0,0.5,3.5,4.5,,2025
286,Brandon Clarke,28,MEM,PF,50,18,18.9,3.5,5.8,.611,0.0,0.3,.063,3.5,5.4,.643,.613,0.8,1.2,.689,1.9,3.1,5.0,1.0,0.8,0.5,0.6,2.4,7.9,,2025
287,Jaden Hardy,22,DAL,SG,42,3,15.3,2.9,6.9,.420,1.2,3.3,.372,1.7,3.6,.464,.509,0.9,1.3,.696,0.2,1.4,1.6,1.4,0.5,0.1,1.4,1.5,7.9,,2025
288,Al Horford,38,BOS,C,43,29,26.7,2.9,7.1,.404,1.8,5.1,.353,1.1,2.1,.528,.529,0.4,0.4,.889,1.1,4.4,5.5,1.9,0.6,0.9,0.7,1.4,7.9,,2025
289,Taurean Prince,30,MIL,SF,53,46,26.1,2.8,6.2,.460,1.8,4.0,.462,1.0,2.2,.456,.610,0.4,0.5,.821,0.5,3.2,3.7,2.0,0.8,0.1,1.0,2.1,7.9,,2025
290,Nick Smith Jr.,20,CHO,SG,33,14,18.7,3.0,7.5,.403,1.4,4.1,.341,1.6,3.4,.478,.496,0.4,0.5,.875,0.2,1.8,1.9,1.8,0.4,0.2,1.1,1.0,7.9,,2025
291,Justin Champagnie,23,WAS,SF,35,14,18.5,3.0,5.9,.515,1.1,2.7,.385,2.0,3.1,.627,.604,0.7,1.0,.686,1.5,3.0,4.5,0.9,0.9,0.6,0.8,1.9,7.8,,2025
292,Cody Martin,29,CHO,SF,39,8,24.8,3.0,6.9,.433,1.0,3.2,.323,1.9,3.7,.528,.507,0.9,1.3,.694,1.0,3.5,4.5,2.3,1.1,0.7,1.1,1.8,7.8,,2025
293,Tyrese Martin,25,BRK,SG,36,6,21.0,2.8,7.2,.391,1.5,4.4,.338,1.3,2.7,.480,.496,0.6,0.9,.719,1.0,2.9,3.9,1.8,0.5,0.1,1.3,1.2,7.8,,2025
294,A.J. Green,25,MIL,SG,46,5,21.9,2.6,6.0,.431,2.2,5.0,.427,0.4,1.0,.455,.611,0.3,0.4,.889,0.2,2.0,2.3,1.2,0.5,0.1,0.5,2.1,7.7,,2025
295,Sam Hauser,27,BOS,PF,46,9,20.1,2.7,6.2,.445,2.1,5.3,.402,0.6,0.8,.718,.618,0.1,0.1,1.000,0.6,2.4,3.0,1.0,0.7,0.2,0.3,1.2,7.7,,2025
296,Ja'Kobe Walter,20,TOR,SG,36,9,19.6,2.8,7.0,.406,1.0,3.3,.311,1.8,3.7,.492,.480,1.0,1.4,.700,0.8,1.8,2.5,1.4,0.7,0.2,0.8,1.8,7.7,,2025
297,Kevin Huerter,26,2TM,SG,46,15,20.8,2.9,7.2,.398,1.4,4.7,.290,1.5,2.5,.600,.492,0.5,0.7,.688,0.5,2.4,2.9,1.8,0.8,0.3,0.9,1.7,7.6,,2025
298,Kevin Huerter,26,SAC,SG,43,15,20.9,3.0,7.2,.413,1.4,4.8,.302,1.5,2.4,.629,.513,0.5,0.7,.714,0.4,2.3,2.8,1.7,0.8,0.4,0.9,1.6,7.9,,2025
299,Kevin Huerter,26,CHI,SG,3,0,19.3,1.3,7.3,.182,0.3,4.0,.083,1.0,3.3,.300,.205,0.7,1.3,.500,1.3,3.0,4.3,2.3,1.0,0.0,1.7,2.3,3.7,,2025
300,Josh Green,24,CHO,SG,47,46,28.6,2.7,6.1,.443,1.4,3.5,.406,1.3,2.6,.492,.559,0.7,1.1,.700,0.9,1.8,2.8,1.4,1.1,0.2,0.9,2.6,7.6,,2025
301,Trayce Jackson-Davis,24,GSW,C,49,37,18.5,3.2,5.7,.570,0.0,0.0,.000,3.2,5.7,.572,.570,1.1,1.8,.605,2.2,3.7,5.9,2.0,0.4,0.7,0.8,1.4,7.6,,2025
302,Johnny Juzang,23,UTA,SG,38,5,17.6,2.6,6.1,.422,1.7,4.4,.398,0.8,1.7,.485,.565,0.7,0.8,.839,0.6,2.0,2.6,1.0,0.4,0.1,0.5,2.0,7.6,,2025
303,Aaron Nesmith,25,IND,SF,18,10,20.6,2.6,5.6,.465,0.9,2.6,.362,1.7,3.0,.556,.550,1.4,1.6,.897,0.4,2.7,3.1,1.4,0.7,0.3,0.7,2.7,7.6,,2025
304,Garrison Mathews,28,ATL,SG,43,2,17.7,2.1,5.5,.390,1.8,4.7,.385,0.3,0.8,.417,.553,1.5,1.8,.829,0.3,1.5,1.8,1.3,0.6,0.3,0.7,1.7,7.5,,2025
305,Vasilije Micić,31,CHO,PG,36,16,21.2,2.6,7.6,.348,1.3,3.5,.360,1.4,4.1,.338,.430,0.9,1.1,.829,0.6,1.9,2.4,3.5,0.4,0.0,2.1,1.2,7.5,,2025
306,Quinten Post,24,GSW,PF,17,7,14.0,2.8,5.8,.480,1.5,3.7,.397,1.3,2.1,.629,.607,0.5,0.5,1.000,0.9,2.4,3.3,1.6,0.1,0.2,0.5,1.6,7.5,,2025
307,Jay Huff,26,MEM,C,46,1,12.5,2.6,5.0,.522,1.4,3.3,.418,1.2,1.7,.727,.661,0.8,1.0,.771,0.5,1.6,2.1,0.7,0.2,0.9,0.6,1.3,7.4,,2025
308,Sam Merrill,28,CLE,SG,45,2,19.3,2.4,6.2,.396,1.9,5.4,.361,0.5,0.8,.622,.552,0.6,0.6,.962,0.5,1.5,2.0,1.5,0.6,0.2,0.5,1.8,7.4,,2025
309,Cameron Payne,30,NYK,PG,48,1,14.6,2.6,6.1,.428,1.4,3.7,.375,1.2,2.4,.509,.541,0.8,0.9,.886,0.2,1.2,1.4,2.6,0.6,0.3,0.7,1.6,7.4,,2025
310,Cason Wallace,21,OKC,SG,46,32,27.4,3.0,6.8,.442,1.0,2.9,.333,2.0,3.8,.525,.514,0.3,0.4,.778,1.1,2.4,3.5,2.4,1.8,0.6,0.7,2.2,7.3,,2025
311,Lonzo Ball,27,CHI,PG,30,9,21.6,2.4,6.5,.362,1.8,5.4,.340,0.5,1.1,.471,.503,0.6,0.7,.857,0.7,2.8,3.4,3.5,1.5,0.5,1.2,1.7,7.2,,2025
312,Bones Hyland,24,LAC,PG,20,0,11.1,2.3,5.8,.391,1.6,4.0,.388,0.7,1.8,.400,.526,1.2,1.3,.885,0.3,1.0,1.2,1.4,0.9,0.2,1.2,1.3,7.2,,2025
313,Jared Butler,24,2TM,SG,35,1,11.8,2.7,5.8,.475,0.5,1.4,.340,2.3,4.3,.520,.517,1.2,1.5,.788,0.5,0.9,1.4,2.7,0.4,0.2,1.0,1.3,7.1,,2025
314,Jared Butler,24,WAS,PG,32,0,11.3,2.7,5.5,.483,0.5,1.3,.366,2.2,4.2,.519,.526,1.1,1.4,.778,0.4,0.8,1.3,2.6,0.4,0.2,0.9,1.3,6.9,,2025
315,Jared Butler,24,PHI,SG,3,1,17.0,3.7,8.7,.423,0.7,3.0,.222,3.0,5.7,.529,.462,2.0,2.3,.857,0.7,2.0,2.7,4.7,0.3,0.7,1.7,1.3,10.0,,2025
316,Precious Achiuwa,25,NYK,C,33,6,21.9,3.0,5.5,.550,0.2,0.7,.333,2.8,4.7,.583,.572,0.8,1.4,.622,2.2,3.8,6.0,1.1,1.0,0.8,0.8,1.6,7.1,,2025
317,Kelly Olynyk,33,TOR,C,24,2,16.0,2.5,4.9,.500,0.8,1.8,.442,1.7,3.1,.533,.581,1.4,1.8,.791,1.0,2.7,3.7,2.3,0.7,0.3,1.5,2.5,7.1,,2025
318,Jake LaRavia,23,2TM,PF,51,0,20.2,2.4,4.9,.488,0.8,1.9,.433,1.6,3.0,.523,.571,1.3,2.0,.670,1.4,2.8,4.2,2.7,0.9,0.4,1.4,1.9,7.0,,2025
319,Jake LaRavia,23,MEM,PF,47,0,20.9,2.5,5.1,.490,0.9,1.9,.444,1.7,3.2,.517,.573,1.4,2.0,.698,1.4,2.9,4.4,2.8,0.9,0.4,1.5,2.0,7.3,,2025
320,Jake LaRavia,23,SAC,PF,4,0,11.5,1.3,2.8,.455,0.5,1.8,.286,0.8,1.0,.750,.545,0.0,1.0,.000,1.3,0.8,2.0,0.8,0.5,0.5,1.0,1.0,3.0,,2025
321,Isaiah Jackson,23,IND,C,5,1,16.8,2.8,4.6,.609,0.0,0.0,,2.8,4.6,.609,.609,1.4,2.8,.500,2.2,3.4,5.6,1.0,0.6,1.6,1.0,2.8,7.0,,2025
322,Josh Okogie,26,2TM,SG,32,2,15.6,2.5,5.2,.473,0.8,2.0,.385,1.7,3.2,.529,.548,1.2,1.6,.725,1.3,1.7,3.0,0.8,1.3,0.5,0.8,1.2,6.9,,2025
323,Josh Okogie,26,PHO,SG,25,1,14.0,2.2,4.6,.491,0.6,1.7,.381,1.6,2.9,.556,.561,0.9,1.3,.688,1.3,1.6,2.9,0.6,0.8,0.4,0.6,1.1,6.0,,2025
324,Josh Okogie,26,CHO,SG,7,1,21.3,3.3,7.6,.434,1.3,3.3,.391,2.0,4.3,.467,.519,2.1,2.7,.789,1.3,2.1,3.4,1.4,2.7,0.7,1.3,1.6,10.0,,2025
325,Thomas Bryant,27,2TM,C,37,5,15.2,2.6,5.0,.530,0.8,2.1,.367,1.9,2.9,.651,.608,0.8,0.9,.879,1.5,2.7,4.2,1.2,0.4,0.6,0.4,1.0,6.9,,2025
326,Thomas Bryant,27,MIA,C,10,0,11.5,1.2,2.8,.429,0.6,1.7,.353,0.6,1.1,.545,.536,1.1,1.1,1.000,0.6,2.6,3.2,0.4,0.1,0.9,0.2,0.9,4.1,,2025
327,Thomas Bryant,27,IND,C,27,5,16.6,3.2,5.8,.548,0.9,2.3,.371,2.3,3.5,.663,.621,0.7,0.8,.818,1.8,2.8,4.6,1.4,0.6,0.5,0.4,1.0,7.9,,2025
328,Vit Krejci,24,ATL,PG,39,15,20.8,2.5,5.5,.447,1.4,3.7,.384,1.0,1.8,.580,.577,0.5,0.8,.667,0.4,2.4,2.7,2.7,0.7,0.5,0.9,1.9,6.9,,2025
329,Torrey Craig,34,2TM,SF,10,1,12.2,2.4,4.7,.511,1.7,3.7,.459,0.7,1.0,.700,.691,0.3,0.4,.750,0.8,1.7,2.5,0.6,0.2,0.2,0.0,1.5,6.8,,2025
330,Torrey Craig,34,CHI,SF,9,1,12.6,2.4,5.0,.489,1.7,3.9,.429,0.8,1.1,.700,.656,0.3,0.4,.750,0.9,1.9,2.8,0.6,0.2,0.1,0.0,1.7,6.9,,2025
331,Torrey Craig,34,BOS,SF,1,0,9.0,2.0,2.0,1.000,2.0,2.0,1.000,0.0,0.0,,1.500,0.0,0.0,,0.0,0.0,0.0,1.0,0.0,1.0,0.0,0.0,6.0,,2025
332,Isaiah Collier,20,UTA,PG,46,21,23.7,2.8,6.7,.413,0.5,2.3,.231,2.3,4.5,.505,.452,0.8,1.2,.648,0.4,2.7,3.1,5.8,0.8,0.2,2.8,2.2,6.8,,2025
333,Andre Drummond,31,PHI,C,30,16,18.7,2.8,5.5,.506,0.0,0.4,.083,2.8,5.1,.539,.509,1.2,2.0,.574,2.5,5.1,7.5,0.6,1.1,0.4,1.6,2.4,6.8,,2025
334,Eric Gordon,36,PHI,SG,39,13,19.7,2.2,5.2,.426,1.4,3.5,.409,0.8,1.7,.463,.564,0.9,1.2,.750,0.2,1.0,1.2,1.7,0.7,0.3,0.7,0.8,6.8,,2025
335,Kyle Filipowski,21,UTA,C,44,10,18.3,2.5,4.9,.505,0.7,2.0,.333,1.8,2.9,.620,.572,1.0,1.5,.627,1.2,3.6,4.9,1.8,0.5,0.1,1.0,2.0,6.6,,2025
336,Ryan Dunn,22,PHO,SF,49,28,18.6,2.7,6.0,.442,1.0,3.2,.310,1.7,2.8,.590,.524,0.2,0.5,.478,1.0,2.4,3.3,0.9,0.4,0.6,0.4,2.3,6.5,,2025
337,KJ Simpson,22,CHO,PG,21,2,19.2,2.2,7.0,.318,0.7,3.0,.219,1.6,4.0,.393,.365,1.4,1.7,.806,1.1,1.6,2.7,2.5,0.7,0.2,1.3,1.6,6.5,,2025
338,Ben Simmons,28,2TM,PG,34,24,25.1,2.9,5.1,.554,0.0,0.0,,2.9,5.1,.554,.554,0.6,0.9,.733,0.9,4.4,5.3,6.9,0.9,0.5,2.6,2.4,6.4,,2025
339,Ben Simmons,28,BRK,PG,33,24,25.0,2.8,5.2,.547,0.0,0.0,,2.8,5.2,.547,.547,0.5,0.8,.692,0.9,4.3,5.2,6.9,0.8,0.5,2.7,2.5,6.2,,2025
340,Ben Simmons,28,LAC,PG,1,0,27.0,4.0,5.0,.800,0.0,0.0,,4.0,5.0,.800,.800,4.0,4.0,1.000,0.0,7.0,7.0,6.0,3.0,1.0,0.0,1.0,12.0,,2025
341,Davion Mitchell,26,2TM,PG,47,25,25.0,2.4,5.7,.432,1.0,2.7,.354,1.5,3.0,.504,.517,0.6,0.8,.692,0.4,1.5,1.9,4.6,0.7,0.2,1.7,2.6,6.4,,2025
342,Davion Mitchell,26,TOR,PG,44,22,24.5,2.4,5.5,.434,1.0,2.7,.359,1.5,2.9,.504,.520,0.6,0.8,.676,0.4,1.6,1.9,4.6,0.7,0.2,1.8,2.6,6.3,,2025
343,Davion Mitchell,26,MIA,PG,3,3,31.7,3.0,7.3,.409,1.0,3.3,.300,2.0,4.0,.500,.477,0.7,0.7,1.000,0.3,1.0,1.3,3.7,1.0,0.3,1.0,1.7,7.7,,2025
344,Alec Burks,33,MIA,SG,29,1,17.3,2.0,4.6,.425,1.4,3.3,.433,0.5,1.3,.405,.582,1.0,1.3,.763,0.4,2.2,2.7,1.1,0.6,0.2,0.4,0.7,6.4,,2025
345,Matas Buzelis,20,CHI,SF,53,4,14.8,2.3,5.3,.441,0.9,2.5,.361,1.4,2.8,.514,.527,0.8,1.0,.796,0.6,2.2,2.8,0.5,0.3,0.8,0.6,1.5,6.4,,2025
346,Mouhamed Gueye,22,ATL,PF,8,4,15.1,2.5,6.8,.370,0.5,3.4,.148,2.0,3.4,.593,.407,0.9,1.1,.778,0.9,3.0,3.9,0.6,1.3,1.0,0.3,0.9,6.4,,2025
347,KJ Martin,24,PHI,PF,24,7,20.0,2.5,4.1,.616,0.3,0.9,.381,2.2,3.3,.679,.657,1.0,1.2,.828,0.9,2.1,3.0,0.8,0.5,0.7,0.5,2.6,6.4,,2025
348,Ajay Mitchell,22,OKC,SG,34,1,16.5,2.5,4.9,.506,0.6,1.5,.431,1.8,3.4,.539,.572,0.8,1.0,.848,0.5,1.5,2.0,1.7,0.7,0.1,0.8,1.7,6.4,,2025
349,Simone Fontecchio,29,DET,SF,50,0,17.7,2.0,5.3,.383,1.1,3.2,.327,1.0,2.1,.471,.483,1.1,1.4,.838,0.7,2.4,3.1,0.9,0.4,0.2,0.8,1.3,6.3,,2025
350,Haywood Highsmith,28,MIA,SF,49,39,23.7,2.4,5.1,.466,1.2,3.0,.388,1.2,2.1,.578,.580,0.4,0.6,.679,0.8,2.3,3.1,1.2,0.9,0.6,0.7,2.0,6.3,,2025
351,Trey Lyles,29,SAC,PF,45,2,18.7,2.1,5.4,.393,1.2,3.7,.333,0.9,1.8,.519,.506,0.8,1.0,.745,1.0,3.4,4.4,1.0,0.6,0.4,0.5,1.2,6.3,,2025
352,Ricky Council IV,23,PHI,SF,46,4,14.1,2.1,5.0,.414,0.7,2.2,.304,1.4,2.8,.500,.481,1.4,1.7,.808,0.6,1.6,2.2,1.1,0.4,0.2,0.5,0.9,6.2,,2025
353,Ron Holland,19,DET,SF,55,1,15.5,2.3,5.3,.442,0.5,2.1,.250,1.8,3.2,.568,.491,1.0,1.2,.803,0.5,2.2,2.7,0.9,0.6,0.1,0.9,1.8,6.2,,2025
354,Dru Smith,27,MIA,SG,14,1,19.1,2.2,4.4,.508,1.1,2.1,.533,1.1,2.2,.484,.639,0.6,0.9,.750,0.9,1.7,2.6,1.6,1.5,0.4,1.2,2.1,6.2,,2025
355,Jonathan Isaac,27,ORL,PF,49,0,16.6,2.2,5.2,.418,0.7,2.5,.266,1.5,2.7,.561,.482,1.0,1.5,.667,1.8,3.0,4.9,0.5,0.8,1.2,0.4,1.4,6.1,,2025
356,Jarace Walker,21,IND,PF,50,1,16.6,2.2,4.8,.458,0.9,2.4,.369,1.3,2.4,.551,.552,0.8,1.2,.644,0.4,2.9,3.2,1.4,0.9,0.4,1.1,1.7,6.1,,2025
357,Shake Milton,28,2TM,SG,42,1,16.0,2.2,4.7,.457,0.8,2.1,.356,1.4,2.6,.541,.538,1.0,1.2,.800,0.5,1.4,1.9,2.1,0.4,0.1,0.7,1.3,6.0,,2025
358,Shake Milton,28,BRK,SG,27,1,18.2,2.7,5.8,.465,1.0,2.7,.389,1.7,3.1,.529,.554,0.9,1.2,.758,0.6,1.3,1.9,2.4,0.6,0.0,0.7,1.6,7.4,,2025
359,Shake Milton,28,LAL,SG,15,0,11.9,1.2,2.8,.429,0.3,1.2,.222,0.9,1.6,.583,.476,1.0,1.1,.882,0.5,1.5,1.9,1.6,0.2,0.1,0.7,0.9,3.7,,2025
360,Bol Bol,25,PHO,PF,18,2,11.4,2.4,5.1,.473,0.7,2.6,.277,1.7,2.4,.682,.544,0.5,0.8,.643,0.7,2.1,2.7,0.4,0.3,0.8,0.6,0.4,6.0,,2025
361,Alex Caruso,30,OKC,SG,33,1,19.0,2.3,5.6,.405,1.1,3.3,.321,1.2,2.3,.526,.500,0.4,0.5,.813,0.7,2.0,2.7,2.5,1.7,0.5,0.6,2.0,6.0,,2025
362,Seth Curry,34,CHO,SG,44,9,14.3,2.2,4.6,.480,1.2,2.5,.472,1.1,2.2,.490,.605,0.4,0.5,.857,0.4,1.1,1.5,0.7,0.4,0.1,0.4,0.9,6.0,,2025
363,Terance Mann,28,2TM,SG,40,12,19.7,2.3,5.2,.447,0.7,2.0,.372,1.6,3.3,.492,.517,0.6,0.9,.676,0.9,2.0,2.9,1.6,0.8,0.3,0.7,1.9,6.0,,2025
364,Terance Mann,28,LAC,SG,37,12,19.8,2.4,5.3,.446,0.7,2.0,.347,1.6,3.2,.508,.513,0.6,0.9,.719,0.9,2.0,2.9,1.6,0.8,0.3,0.7,1.8,6.0,,2025
365,Terance Mann,28,ATL,SG,3,0,18.7,2.0,4.3,.462,1.0,1.0,1.000,1.0,3.3,.300,.577,0.7,1.7,.400,1.3,1.7,3.0,2.0,1.0,0.0,0.3,2.3,5.7,,2025
366,Marcus Sasser,24,DET,PG,42,0,14.2,2.3,4.9,.466,0.9,2.5,.364,1.4,2.4,.576,.561,0.5,0.6,.885,0.3,0.9,1.2,2.3,0.7,0.1,1.0,1.4,6.0,,2025
367,Jamal Shead,22,TOR,PG,49,1,17.2,2.3,5.4,.427,0.8,2.3,.354,1.5,3.1,.481,.502,0.5,0.7,.727,0.2,0.9,1.2,3.6,0.6,0.1,1.5,1.8,6.0,,2025
368,Ben Sheppard,23,IND,SG,39,8,20.5,2.2,5.0,.429,1.3,3.4,.373,0.9,1.6,.548,.556,0.4,0.5,.889,0.7,1.8,2.5,1.2,0.7,0.3,0.3,2.1,6.0,,2025
369,Dean Wade,28,CLE,PF,35,26,22.8,2.1,5.1,.408,1.5,4.3,.349,0.6,0.9,.700,.553,0.4,0.7,.520,1.0,4.1,5.1,1.6,0.9,0.5,0.3,1.9,6.0,,2025
370,Kenrich Williams,30,OKC,PF,43,1,14.8,2.3,4.7,.495,0.9,2.4,.388,1.4,2.3,.604,.593,0.4,0.4,.889,0.9,2.4,3.3,1.2,0.7,0.1,0.5,1.5,6.0,,2025
371,James Wiseman,23,IND,C,1,0,5.0,2.0,4.0,.500,0.0,1.0,.000,2.0,3.0,.667,.500,2.0,2.0,1.000,0.0,1.0,1.0,0.0,0.0,0.0,0.0,0.0,6.0,,2025
372,Isaiah Wong,24,CHO,SG,20,0,13.3,2.1,5.3,.390,0.7,1.7,.394,1.4,3.6,.389,.452,1.3,1.7,.735,0.7,0.9,1.6,1.4,0.6,0.0,0.9,1.1,6.0,,2025
373,Rob Dillingham,20,MIN,PG,31,1,12.7,2.5,5.5,.456,0.7,2.0,.377,1.7,3.5,.500,.524,0.2,0.3,.500,0.3,0.9,1.2,2.5,0.4,0.0,1.3,1.0,5.9,,2025
374,Kris Dunn,30,LAC,PG,47,31,22.8,2.4,5.7,.420,0.9,3.0,.317,1.5,2.8,.531,.502,0.1,0.3,.500,0.8,2.6,3.4,2.9,1.6,0.3,1.1,2.5,5.9,,2025
375,Richaun Holmes,31,WAS,PF,17,4,15.9,2.4,3.7,.651,0.0,0.2,.000,2.4,3.5,.683,.651,1.1,1.4,.783,1.7,3.2,4.9,1.0,0.1,0.7,0.5,1.4,5.9,,2025
376,Isaiah Stewart,23,DET,C,50,3,20.0,2.4,4.5,.538,0.2,0.8,.289,2.2,3.7,.589,.563,0.9,1.0,.827,2.0,3.7,5.7,1.7,0.4,1.2,0.9,2.5,5.9,,2025
377,Javonte Green,31,NOP,SG,50,18,21.8,2.0,4.5,.446,0.8,2.2,.352,1.2,2.3,.534,.531,1.0,1.3,.758,1.0,2.6,3.6,0.9,1.1,0.6,0.6,1.5,5.8,,2025
378,Jaxson Hayes,24,LAL,C,31,10,17.6,2.4,3.4,.702,0.0,0.1,.000,2.4,3.3,.716,.702,1.1,1.5,.739,1.3,2.8,4.2,1.0,0.6,1.0,0.6,2.1,5.8,,2025
379,Talen Horton-Tucker,24,CHI,SG,41,0,11.4,2.1,4.6,.450,0.8,2.0,.373,1.3,2.6,.509,.532,0.9,1.2,.725,0.3,1.4,1.7,1.3,0.4,0.2,0.6,1.0,5.8,,2025
380,Isaac Okoro,24,CLE,SG,28,16,19.7,2.0,4.7,.427,1.1,2.8,.397,0.9,1.9,.472,.546,0.6,0.9,.720,0.8,1.3,2.1,1.6,0.7,0.4,0.4,2.0,5.8,,2025
381,Jeremiah Robinson-Earl,24,NOP,PF,44,6,17.8,2.2,4.8,.446,0.8,2.3,.330,1.4,2.6,.549,.523,0.7,0.8,.865,1.7,2.9,4.6,1.2,0.7,0.1,0.7,1.3,5.8,,2025
382,Keaton Wallace,25,ATL,PG,24,3,17.3,2.2,5.1,.423,1.0,2.7,.354,1.2,2.4,.500,.516,0.5,0.5,1.000,0.2,1.3,1.5,2.3,0.9,0.3,1.2,1.3,5.8,,2025
383,Elfrid Payton,30,2TM,PG,9,4,22.1,2.8,6.2,.446,0.0,0.1,.000,2.8,6.1,.455,.446,0.1,0.2,.500,0.7,2.6,3.2,6.6,1.3,0.4,2.4,1.6,5.7,,2025
384,Elfrid Payton,30,NOP,PG,7,3,20.6,3.3,6.6,.500,0.0,0.1,.000,3.3,6.4,.511,.500,0.1,0.3,.500,0.7,2.7,3.4,6.9,1.4,0.4,2.9,1.4,6.7,,2025
385,Elfrid Payton,30,CHO,PG,2,1,27.5,1.0,5.0,.200,0.0,0.0,,1.0,5.0,.200,.200,0.0,0.0,,0.5,2.0,2.5,5.5,1.0,0.5,1.0,2.0,2.0,,2025
386,Quenton Jackson,26,IND,PG,18,7,14.1,2.2,4.2,.513,0.5,1.3,.375,1.7,2.9,.577,.572,0.8,1.2,.714,0.6,0.9,1.5,1.7,0.5,0.3,0.6,1.8,5.7,,2025
387,Gabe Vincent,28,LAL,PG,44,6,20.4,2.1,5.2,.409,1.3,3.6,.350,0.9,1.6,.543,.530,0.1,0.2,.500,0.3,1.0,1.2,1.5,0.7,0.2,0.6,2.1,5.7,,2025
388,Robert Williams,27,POR,C,19,3,17.2,2.4,3.8,.630,0.1,0.2,.333,2.4,3.7,.643,.637,0.8,0.9,.882,1.8,4.1,5.9,1.1,0.6,1.6,0.9,1.5,5.7,,2025
389,Vince Williams Jr.,24,MEM,SG,6,0,14.8,2.2,6.0,.361,0.5,2.7,.188,1.7,3.3,.500,.403,0.8,1.7,.500,1.5,2.5,4.0,2.2,0.3,0.3,1.3,2.5,5.7,,2025
390,Drew Eubanks,27,2TM,C,40,4,14.9,2.3,3.8,.616,0.1,0.1,.600,2.3,3.7,.616,.626,0.9,1.4,.632,1.1,3.3,4.4,1.1,0.3,0.8,0.8,1.2,5.6,,2025
391,Drew Eubanks,27,UTA,C,37,4,15.4,2.4,3.9,.607,0.1,0.1,.600,2.3,3.8,.607,.617,1.0,1.5,.632,1.1,3.5,4.5,1.2,0.3,0.9,0.8,1.2,5.8,,2025
392,Drew Eubanks,27,LAC,C,3,0,8.7,1.7,2.0,.833,0.0,0.0,,1.7,2.0,.833,.833,0.0,0.0,,1.3,1.7,3.0,0.0,0.0,0.3,0.0,0.3,3.3,,2025
393,Donovan Clingan,20,POR,C,41,11,16.3,2.3,4.2,.546,0.2,0.6,.304,2.1,3.7,.583,.566,0.8,1.1,.681,2.8,4.0,6.8,0.7,0.4,1.6,1.1,2.6,5.6,,2025
394,Jamison Battle,23,TOR,SF,39,0,12.6,1.9,4.2,.460,1.3,3.2,.423,0.6,1.0,.575,.620,0.3,0.4,.857,0.5,1.3,1.8,0.8,0.1,0.1,0.3,1.1,5.5,,2025
395,Kevin Love,36,MIA,PF,19,6,10.9,1.8,5.2,.354,1.1,3.1,.362,0.7,2.2,.341,.460,0.7,1.0,.684,0.9,3.2,4.1,1.0,0.7,0.1,0.7,0.9,5.5,,2025
396,Jonathan Mogbo,23,TOR,PF,42,10,17.6,2.1,4.5,.458,0.3,0.9,.342,1.8,3.6,.487,.492,1.0,1.4,.724,1.7,2.6,4.2,1.8,0.7,0.5,0.9,2.1,5.5,,2025
397,Kyle Anderson,31,2TM,PF,38,4,15.2,2.2,4.8,.446,0.5,1.4,.358,1.7,3.4,.481,.497,0.6,0.9,.636,0.9,2.3,3.2,2.2,0.7,0.6,0.5,1.1,5.4,,2025
398,Kyle Anderson,31,GSW,PF,36,3,15.0,2.1,4.7,.450,0.5,1.4,.365,1.6,3.3,.487,.506,0.5,0.8,.667,0.8,2.3,3.1,2.3,0.7,0.6,0.6,1.1,5.3,,2025
399,Kyle Anderson,31,MIA,SF,2,1,18.5,3.0,7.5,.400,0.0,0.5,.000,3.0,7.0,.429,.400,1.5,3.0,.500,3.5,3.0,6.5,1.5,0.0,1.0,0.0,1.5,7.5,,2025
400,Lindy Waters III,27,2TM,SG,39,9,17.0,1.9,5.3,.365,1.3,3.9,.325,0.7,1.5,.474,.483,0.2,0.3,.727,0.4,2.1,2.5,1.1,0.6,0.3,0.4,1.4,5.4,,2025
401,Lindy Waters III,27,GSW,SG,38,9,17.2,2.0,5.4,.371,1.3,3.9,.331,0.7,1.5,.474,.490,0.2,0.3,.727,0.4,2.1,2.6,1.1,0.6,0.3,0.4,1.4,5.5,,2025
402,Lindy Waters III,27,DET,SG,1,0,9.0,0.0,3.0,.000,0.0,3.0,.000,0.0,0.0,,.000,0.0,0.0,,0.0,0.0,0.0,1.0,0.0,0.0,0.0,1.0,0.0,,2025
403,Kobe Bufkin,21,ATL,SG,10,0,12.4,1.8,4.7,.383,0.4,1.9,.211,1.4,2.8,.500,.426,1.3,1.8,.722,0.5,1.6,2.1,1.7,0.3,0.2,0.8,0.9,5.3,,2025
404,Gary Payton II,32,GSW,SG,43,10,13.4,2.3,4.1,.548,0.3,1.3,.236,2.0,2.8,.689,.585,0.5,0.7,.724,0.8,2.0,2.9,1.3,0.6,0.3,0.7,1.7,5.3,,2025
405,Jaylin Williams,22,OKC,PF,27,5,16.8,1.9,5.0,.382,1.1,3.5,.309,0.9,1.6,.548,.489,0.4,0.4,1.000,1.3,4.4,5.7,2.4,0.4,0.7,0.8,1.9,5.3,,2025
406,Tidjane Salaün,19,CHO,PF,39,8,19.1,1.7,5.4,.316,0.9,3.2,.286,0.8,2.1,.361,.402,0.9,1.3,.720,1.1,3.1,4.2,1.1,0.6,0.2,0.8,1.3,5.2,,2025
407,Moussa Diabaté,23,CHO,C,44,7,18.9,2.1,3.4,.616,0.0,0.0,.000,2.1,3.4,.624,.616,0.8,1.5,.552,3.0,4.0,7.0,0.8,0.7,0.7,0.9,1.6,5.1,,2025
408,Jeff Green,38,HOU,PF,16,2,11.6,1.8,3.5,.500,0.6,2.2,.286,1.1,1.3,.857,.589,0.9,1.1,.833,0.3,1.3,1.6,0.3,0.2,0.1,0.3,1.1,5.1,,2025
409,Luke Kornet,29,BOS,C,49,7,17.2,2.1,3.2,.656,0.0,0.0,.000,2.1,3.2,.660,.656,0.9,1.2,.754,2.3,2.7,5.0,1.6,0.5,0.9,0.4,1.5,5.1,,2025
410,Neemias Queta,25,BOS,C,43,5,14.3,2.2,3.3,.660,0.0,0.0,.000,2.2,3.2,.669,.660,0.8,1.1,.729,1.4,2.3,3.7,0.6,0.3,0.7,0.6,1.8,5.1,,2025
411,Tristan Vukcevic,21,WAS,C,14,0,8.1,1.9,3.9,.500,0.6,1.9,.346,1.3,2.0,.643,.583,0.6,0.9,.692,0.6,1.8,2.4,0.9,0.2,0.2,0.5,0.9,5.1,,2025
412,DaQuan Jeffries,27,CHO,SG,21,2,19.4,1.9,4.6,.402,0.8,2.7,.304,1.0,2.0,.537,.490,0.4,0.5,.818,0.9,2.0,2.8,1.1,0.7,0.4,0.6,2.0,5.0,,2025
413,Kevon Looney,28,GSW,C,49,6,16.1,2.1,4.2,.510,0.0,0.0,.000,2.1,4.2,.515,.510,0.8,1.4,.544,2.9,4.0,6.9,1.9,0.7,0.4,0.6,2.2,5.0,,2025
414,Alondes Williams,25,DET,SG,1,0,4.0,2.0,2.0,1.000,1.0,1.0,1.000,1.0,1.0,1.000,1.250,0.0,0.0,,0.0,0.0,0.0,1.0,0.0,0.0,0.0,0.0,5.0,,2025
415,Marvin Bagley III,25,WAS,C,19,1,8.7,2.0,3.7,.535,0.1,0.5,.200,1.9,3.2,.590,.549,0.8,1.2,.652,1.4,1.5,2.9,0.4,0.4,0.3,0.6,0.6,4.9,,2025
416,Monte Morris,29,PHO,PG,40,0,13.1,1.7,4.3,.404,0.6,1.8,.301,1.2,2.5,.480,.468,0.9,1.0,.850,0.3,1.2,1.4,1.7,0.4,0.1,0.4,0.5,4.9,,2025
417,Jaylen Clark,23,MIN,SG,14,1,14.3,1.6,4.0,.411,0.6,1.7,.375,1.0,2.3,.438,.491,0.9,1.1,.750,0.9,0.7,1.6,0.4,0.6,0.1,0.1,1.6,4.8,,2025
418,Ryan Rollins,22,MIL,PG,37,7,12.3,1.8,4.2,.442,0.6,1.7,.344,1.2,2.4,.511,.513,0.5,0.6,.826,0.4,1.2,1.6,1.3,0.7,0.3,0.8,1.3,4.8,,2025
419,Tre Jones,25,2TM,PG,31,0,16.2,1.7,3.5,.486,0.3,0.9,.286,1.5,2.6,.556,.523,1.0,1.3,.800,0.5,1.5,2.1,3.5,0.7,0.2,0.7,1.2,4.7,,2025
420,Tre Jones,25,SAS,PG,28,0,16.1,1.6,3.3,.484,0.3,0.9,.308,1.3,2.4,.552,.527,0.9,1.2,.758,0.5,1.5,2.1,3.7,0.6,0.2,0.8,1.2,4.4,,2025
421,Tre Jones,25,CHI,PG,3,0,17.7,2.7,5.3,.500,0.0,0.7,.000,2.7,4.7,.571,.500,2.3,2.3,1.000,0.7,1.3,2.0,2.0,1.7,0.0,0.3,1.3,7.7,,2025
422,Taylor Hendricks,21,UTA,PF,3,3,25.0,1.3,6.0,.222,1.0,4.0,.250,0.3,2.0,.167,.306,1.0,1.3,.750,1.7,3.3,5.0,0.7,1.7,1.3,0.7,2.7,4.7,,2025
423,Aaron Holiday,28,HOU,PG,39,3,12.2,1.7,4.0,.419,0.9,2.5,.343,0.8,1.4,.554,.529,0.5,0.6,.913,0.2,1.0,1.2,1.3,0.4,0.1,0.5,1.2,4.7,,2025
424,Jordan Miller,25,LAC,SF,30,0,12.4,1.8,4.2,.429,0.3,1.2,.222,1.5,3.0,.511,.460,0.9,1.1,.788,0.7,1.0,1.7,1.1,0.5,0.2,0.7,0.7,4.7,,2025
425,Zach Collins,27,2TM,PF,37,4,11.8,1.7,3.6,.463,0.4,1.3,.313,1.3,2.3,.547,.519,0.9,1.0,.892,1.1,1.8,2.9,1.4,0.4,0.4,0.6,1.9,4.6,,2025
426,Zach Collins,27,SAS,C,36,4,11.8,1.7,3.7,.462,0.4,1.3,.304,1.3,2.4,.547,.515,0.9,1.0,.886,1.1,1.8,2.8,1.4,0.4,0.4,0.6,1.9,4.6,,2025
427,Zach Collins,27,CHI,PF,1,0,12.0,1.0,2.0,.500,1.0,2.0,.500,0.0,0.0,,.750,2.0,2.0,1.000,1.0,4.0,5.0,0.0,0.0,0.0,0.0,1.0,5.0,,2025
428,Mo Bamba,26,LAC,C,28,2,12.6,1.7,3.7,.466,0.5,1.8,.300,1.2,1.9,.623,.539,0.6,0.9,.680,0.9,3.4,4.3,0.6,0.3,1.0,0.7,1.8,4.6,,2025
429,Charles Bassey,24,SAS,C,32,1,10.8,2.0,3.4,.573,0.0,0.0,,2.0,3.4,.573,.573,0.7,1.0,.636,1.7,2.8,4.6,0.4,0.4,0.9,0.7,1.4,4.6,,2025
430,Trevelin Queen,27,ORL,SG,24,2,15.0,1.7,4.8,.353,0.7,2.6,.258,1.0,2.3,.463,.422,0.5,0.6,.867,0.8,0.9,1.8,1.4,1.0,0.3,0.8,1.5,4.6,,2025
431,Trentyn Flowers,19,LAC,SF,2,0,8.0,2.0,4.5,.444,0.0,1.0,.000,2.0,3.5,.571,.444,0.5,0.5,1.000,0.5,1.5,2.0,0.0,0.0,0.0,0.5,1.5,4.5,,2025
432,Jett Howard,21,ORL,SF,45,0,11.2,1.6,4.3,.370,1.0,3.1,.319,0.6,1.2,.500,.484,0.3,0.4,.833,0.4,0.8,1.2,0.7,0.2,0.2,0.5,1.0,4.5,,2025
433,Sandro Mamukelashvili,25,SAS,PF,33,0,8.0,1.6,2.8,.564,0.7,1.7,.436,0.9,1.2,.744,.691,0.6,0.8,.704,0.6,1.7,2.3,0.5,0.2,0.2,0.4,0.6,4.5,,2025
434,David Roddy,23,ATL,PF,27,3,12.8,1.6,3.4,.473,0.6,1.6,.372,1.0,1.9,.560,.559,0.7,0.8,.818,0.4,2.2,2.6,1.1,0.4,0.3,0.7,0.7,4.5,,2025
435,Malaki Branham,21,SAS,SG,31,0,9.3,1.6,3.6,.434,0.7,1.7,.396,0.9,1.9,.467,.527,0.5,0.6,.850,0.1,1.0,1.1,0.8,0.2,0.1,0.9,0.5,4.4,,2025
436,Reggie Jackson,34,PHI,PG,31,1,12.4,1.7,4.3,.391,0.8,2.4,.338,0.9,1.9,.458,.485,0.2,0.3,.778,0.3,1.1,1.4,1.5,0.5,0.1,0.5,1.1,4.4,,2025
437,Pat Connaughton,32,MIL,SG,30,0,15.0,1.6,3.8,.425,0.7,2.1,.323,0.9,1.7,.549,.513,0.4,0.6,.765,0.6,2.2,2.7,1.7,0.2,0.3,0.6,1.1,4.3,,2025
438,Paul Reed,25,DET,C,30,0,9.9,1.7,3.2,.531,0.2,0.7,.300,1.5,2.5,.592,.563,0.7,0.9,.815,0.9,1.7,2.6,1.0,1.0,0.6,0.5,1.7,4.3,,2025
439,Daniel Theis,32,NOP,C,38,9,16.3,1.6,3.4,.473,0.2,1.0,.243,1.4,2.4,.565,.508,0.8,1.0,.838,1.2,3.2,4.3,1.6,0.5,0.5,0.7,1.8,4.3,,2025
440,Julian Phillips,21,CHI,SF,53,3,12.8,1.5,3.3,.446,0.6,1.8,.326,0.9,1.5,.585,.534,0.6,0.9,.723,0.8,1.1,1.9,0.4,0.4,0.2,0.4,1.3,4.2,,2025
441,Antonio Reeves,24,NOP,SG,24,0,10.6,1.6,4.0,.402,0.7,2.1,.314,1.0,1.9,.500,.485,0.3,0.3,.875,0.4,0.8,1.2,0.8,0.4,0.0,0.3,0.5,4.2,,2025
442,Jock Landale,29,HOU,C,27,0,10.7,1.6,3.3,.483,0.2,0.4,.500,1.4,2.9,.481,.517,0.7,1.1,.667,1.4,1.9,3.3,0.9,0.2,0.3,0.5,1.0,4.1,,2025
443,Kris Murray,24,POR,SF,45,1,13.6,1.7,3.7,.455,0.4,1.5,.279,1.2,2.2,.577,.512,0.4,0.8,.421,1.0,1.2,2.2,0.9,0.4,0.2,0.5,0.9,4.1,,2025
444,Kyle Lowry,38,PHI,PG,33,12,18.9,1.2,3.4,.351,0.8,2.5,.337,0.3,0.8,.393,.477,0.8,1.0,.818,0.3,1.6,2.0,2.8,0.9,0.3,0.6,1.8,4.0,,2025
445,Dariq Whitehead,20,BRK,SF,9,0,6.3,1.3,2.8,.480,1.2,2.3,.524,0.1,0.4,.250,.700,0.1,0.3,.333,0.1,0.6,0.7,0.1,0.3,0.1,0.7,0.2,4.0,,2025
446,Josh Richardson,31,MIA,SG,8,0,18.8,1.4,4.8,.289,0.8,2.8,.273,0.6,2.0,.313,.368,0.5,0.5,1.000,0.8,0.8,1.5,1.5,1.0,0.1,1.0,2.1,4.0,,2025
447,Cam Spencer,24,MEM,SG,10,0,12.1,1.3,3.0,.433,0.5,1.6,.313,0.8,1.4,.571,.517,0.9,0.9,1.000,0.5,1.2,1.7,1.6,0.3,0.1,0.5,1.1,4.0,,2025
448,Oscar Tshiebwe,25,UTA,C,4,0,13.5,1.0,1.5,.667,0.0,0.0,,1.0,1.5,.667,.667,2.0,2.5,.800,1.8,4.0,5.8,0.3,1.3,0.0,0.3,3.0,4.0,,2025
449,TyTy Washington Jr.,23,PHO,PG,7,0,12.4,1.6,4.6,.344,0.4,2.1,.200,1.1,2.4,.471,.391,0.4,0.6,.750,0.6,1.1,1.7,1.7,0.4,0.0,0.3,0.1,4.0,,2025
450,Ousmane Dieng,21,OKC,C,29,0,11.4,1.4,3.6,.404,0.6,2.0,.288,0.9,1.6,.556,.486,0.4,0.6,.688,0.5,1.8,2.3,0.9,0.5,0.2,0.5,0.9,3.9,,2025
451,Andre Jackson Jr.,23,MIL,SG,51,43,17.3,1.6,3.4,.471,0.5,1.4,.386,1.1,2.0,.529,.549,0.2,0.4,.556,1.1,2.1,3.2,1.5,0.6,0.3,1.0,2.1,3.9,,2025
452,Mason Plumlee,34,PHO,C,53,18,17.5,1.5,2.6,.571,0.0,0.0,.000,1.5,2.6,.580,.571,0.9,1.4,.627,1.7,4.6,6.3,1.9,0.5,0.7,0.9,2.2,3.9,,2025
453,Olivier-Maxence Prosper,22,DAL,PF,45,4,10.8,1.4,3.4,.414,0.2,1.0,.205,1.2,2.4,.500,.444,0.9,1.3,.650,0.9,1.5,2.4,0.8,0.5,0.1,0.3,0.5,3.9,,2025
454,Gui Santos,22,GSW,PF,30,1,12.5,1.3,2.8,.470,0.7,1.8,.407,0.6,1.0,.586,.602,0.5,0.8,.696,1.1,1.7,2.8,1.1,0.4,0.1,0.7,1.5,3.9,,2025
455,Dalen Terry,22,CHI,SG,49,1,12.6,1.4,3.1,.454,0.4,1.2,.351,1.0,1.9,.516,.520,0.7,1.0,.673,0.6,0.9,1.5,1.2,0.5,0.2,0.7,1.5,3.9,,2025
456,Cody Williams,20,UTA,SG,29,12,20.4,1.3,4.3,.302,0.6,2.3,.239,0.8,2.0,.373,.365,0.7,1.0,.714,0.5,1.5,2.0,1.3,0.6,0.3,0.9,1.9,3.9,,2025
457,Jeenathan Williams,25,HOU,SG,7,0,5.6,1.7,2.6,.667,0.4,1.0,.429,1.3,1.6,.818,.750,0.0,0.0,,0.1,0.6,0.7,0.6,0.4,0.4,0.6,0.4,3.9,,2025
458,Pelle Larsson,23,MIA,SG,36,1,12.6,1.3,2.9,.453,0.5,1.5,.340,0.8,1.5,.566,.538,0.6,0.9,.667,0.4,1.1,1.5,0.9,0.4,0.1,0.4,1.7,3.8,,2025
459,Micah Potter,26,UTA,C,25,9,16.9,1.3,3.0,.427,0.9,2.4,.373,0.4,0.6,.625,.573,0.4,0.4,.900,1.0,2.9,3.9,0.7,0.2,0.4,0.7,1.3,3.8,,2025
460,Jae'Sean Tate,29,HOU,SF,36,2,11.9,1.4,3.1,.464,0.3,0.8,.300,1.2,2.2,.525,.505,0.8,1.1,.659,0.9,1.3,2.2,0.9,0.6,0.1,0.4,1.8,3.8,,2025
461,Patty Mills,36,2TM,PG,20,0,13.6,1.3,4.0,.329,0.9,3.0,.283,0.5,1.0,.474,.437,0.3,0.3,1.000,0.2,0.9,1.1,1.2,0.7,0.2,0.8,0.7,3.7,,2025
462,Patty Mills,36,UTA,PG,17,0,15.3,1.5,4.5,.342,1.0,3.4,.298,0.5,1.1,.474,.454,0.3,0.3,1.000,0.2,1.1,1.2,1.2,0.7,0.2,0.9,0.7,4.4,,2025
463,Patty Mills,36,LAC,PG,3,0,4.0,0.0,1.0,.000,0.0,1.0,.000,0.0,0.0,,.000,0.0,0.0,,0.0,0.0,0.0,1.0,0.3,0.0,0.0,0.3,0.0,,2025
464,Steven Adams,31,HOU,C,38,2,12.6,1.4,2.7,.529,0.0,0.0,,1.4,2.7,.529,.529,0.8,1.7,.446,2.8,2.6,5.3,1.1,0.3,0.4,0.9,1.0,3.7,,2025
465,Devin Carter,22,SAC,PG,16,0,9.9,1.2,3.8,.311,0.5,1.9,.258,0.7,1.9,.367,.377,0.8,1.1,.722,0.4,2.1,2.5,1.3,0.3,0.2,0.5,0.9,3.7,,2025
466,Damion Lee,32,PHO,SG,15,0,6.7,1.1,3.4,.333,0.3,1.7,.200,0.8,1.7,.462,.382,1.1,1.1,.941,0.1,0.7,0.9,0.5,0.3,0.0,0.4,0.3,3.7,,2025
467,Brandon Williams,25,DAL,PG,19,0,8.4,1.3,2.8,.453,0.5,1.2,.409,0.8,1.6,.484,.538,0.7,0.9,.765,0.1,0.7,0.8,1.2,0.3,0.1,0.7,0.6,3.7,,2025
468,Jevon Carter,29,CHI,PG,26,0,7.2,1.3,3.2,.402,0.8,2.2,.362,0.5,0.9,.500,.530,0.2,0.3,.750,0.1,0.9,1.0,1.0,0.3,0.0,0.3,0.3,3.6,,2025
469,Isaac Jones,24,SAC,PF,25,0,8.7,1.5,2.3,.655,0.0,0.2,.250,1.5,2.2,.685,.664,0.6,1.0,.538,0.6,1.0,1.5,0.3,0.1,0.3,0.5,1.0,3.6,,2025
470,Jabari Walker,22,POR,SF,39,1,10.5,1.4,3.0,.470,0.3,1.0,.282,1.1,2.0,.564,.517,0.5,0.8,.667,0.8,2.2,3.0,0.5,0.5,0.1,0.5,1.3,3.6,,2025
471,Jamal Cain,25,NOP,SF,21,0,12.3,1.2,3.0,.406,0.5,1.7,.278,0.8,1.3,.571,.484,0.6,0.9,.667,0.8,1.5,2.3,0.5,0.4,0.3,0.5,1.1,3.5,,2025
472,Jeff Dowtin,27,PHI,PG,24,0,11.2,1.4,3.5,.388,0.3,1.0,.240,1.1,2.5,.450,.424,0.5,0.7,.706,0.1,1.0,1.2,1.5,0.3,0.2,0.2,0.6,3.5,,2025
473,Oso Ighodaro,22,PHO,PF,41,2,14.8,1.5,2.6,.574,0.0,0.0,.000,1.5,2.6,.585,.574,0.5,0.9,.528,0.8,2.4,3.2,1.0,0.4,0.4,0.6,1.5,3.5,,2025
474,DeAndre Jordan,36,DEN,C,40,2,11.9,1.6,2.5,.653,0.0,0.0,,1.6,2.5,.653,.653,0.3,0.8,.419,1.4,3.3,4.7,0.9,0.3,0.5,0.7,1.3,3.5,,2025
475,Karlo Matković,23,NOP,PF,17,2,14.0,1.4,2.8,.489,0.3,0.8,.357,1.1,1.9,.545,.543,0.5,0.5,1.000,1.3,2.3,3.6,0.8,0.6,1.2,0.9,2.0,3.5,,2025
476,Dario Šarić,30,DEN,C,14,4,14.2,1.3,3.9,.333,0.4,1.7,.250,0.9,2.1,.400,.389,0.5,0.7,.700,1.0,2.5,3.5,1.6,0.5,0.1,1.0,1.3,3.5,,2025
477,Reed Sheppard,20,HOU,PG,40,0,11.6,1.3,4.1,.311,0.7,2.5,.273,0.6,1.6,.369,.393,0.2,0.3,.900,0.4,1.0,1.4,1.1,0.6,0.4,0.6,0.9,3.5,,2025
478,Bruno Fernando,26,TOR,C,17,2,8.6,1.5,2.9,.531,0.0,0.0,,1.5,2.9,.531,.531,0.4,0.5,.750,1.2,1.8,3.0,1.1,0.2,0.5,0.8,1.6,3.4,,2025
479,Collin Gillespie,25,PHO,PG,8,0,5.5,1.3,2.3,.556,0.4,0.8,.500,0.9,1.5,.583,.639,0.5,0.6,.800,0.4,0.5,0.9,0.9,0.3,0.3,0.3,0.5,3.4,,2025
480,Doug McDermott,33,SAC,SF,31,3,8.4,1.2,2.7,.424,1.0,2.3,.431,0.2,0.4,.385,.606,0.1,0.2,.600,0.1,0.5,0.5,0.1,0.1,0.0,0.2,0.9,3.4,,2025
481,Nicolas Batum,36,LAC,PF,52,1,17.4,1.1,2.9,.384,0.9,2.4,.376,0.2,0.5,.423,.540,0.2,0.3,.786,0.7,2.2,2.9,1.3,0.6,0.4,0.4,1.5,3.3,,2025
482,Luka Garza,26,MIN,C,23,0,5.6,1.3,2.9,.463,0.2,1.0,.227,1.1,2.0,.578,.500,0.4,0.6,.643,0.9,0.7,1.7,0.2,0.1,0.0,0.3,0.8,3.3,,2025
483,Gary Harris,30,ORL,SG,27,2,15.9,1.2,3.1,.386,0.8,2.4,.338,0.4,0.7,.556,.518,0.1,0.3,.500,0.5,0.7,1.2,0.6,0.6,0.3,0.4,0.9,3.3,,2025
484,Jalen Pickett,25,DEN,SG,25,0,11.3,1.3,3.0,.434,0.6,1.6,.385,0.7,1.5,.486,.533,0.1,0.1,1.000,0.2,1.0,1.2,1.9,0.3,0.1,0.4,0.5,3.3,,2025
485,Cam Reddish,25,LAL,SF,31,8,18.1,1.2,2.8,.430,0.4,1.5,.289,0.8,1.3,.585,.506,0.5,0.8,.615,0.5,1.5,2.0,0.7,1.0,0.3,0.4,1.4,3.3,,2025
486,Landry Shamet,27,NYK,SG,22,0,11.0,1.4,3.0,.455,0.5,1.6,.306,0.9,1.4,.633,.538,0.1,0.2,.400,0.2,0.5,0.8,0.6,0.4,0.1,0.4,0.8,3.3,,2025
487,Orlando Robinson,24,2TM,C,20,0,10.1,1.2,3.0,.383,0.1,0.6,.167,1.1,2.4,.438,.400,0.8,1.1,.727,0.9,1.9,2.8,1.0,0.4,0.2,0.6,1.5,3.2,,2025
488,Orlando Robinson,24,SAC,C,9,0,6.3,0.8,1.9,.412,0.1,0.6,.200,0.7,1.3,.500,.441,0.4,0.8,.571,0.3,1.2,1.6,1.0,0.3,0.1,0.4,0.7,2.1,,2025
489,Orlando Robinson,24,TOR,C,11,0,13.2,1.5,3.9,.372,0.1,0.6,.143,1.4,3.3,.417,.384,1.1,1.4,.800,1.3,2.5,3.7,1.0,0.4,0.3,0.7,2.1,4.1,,2025
490,Moses Brown,25,IND,C,9,0,5.1,1.4,2.2,.650,0.0,0.0,,1.4,2.2,.650,.650,0.3,0.6,.600,0.4,1.0,1.4,0.0,0.2,0.1,0.7,0.7,3.2,,2025
491,Elijah Harkless,24,UTA,SG,10,0,13.8,1.1,3.5,.314,0.7,2.5,.280,0.4,1.0,.400,.414,0.3,0.6,.500,0.9,1.2,2.1,0.8,1.0,0.1,0.3,1.8,3.2,,2025
492,Wendell Moore Jr.,23,DET,SG,20,1,11.0,1.2,2.5,.460,0.2,0.7,.286,1.0,1.8,.528,.500,0.7,0.7,.929,0.6,1.7,2.2,1.2,0.5,0.2,0.5,0.8,3.2,,2025
493,Jaylon Tyson,22,CLE,SG,35,2,9.8,1.2,2.6,.457,0.4,1.1,.378,0.8,1.6,.509,.533,0.4,0.5,.778,0.8,1.4,2.2,0.9,0.2,0.1,0.5,1.2,3.2,,2025
494,Kylor Kelley,27,DAL,C,7,1,8.6,1.3,1.6,.818,0.0,0.0,,1.3,1.6,.818,.818,0.6,0.9,.667,1.1,1.7,2.9,0.1,0.0,0.3,0.1,1.1,3.1,,2025
495,Craig Porter Jr.,24,CLE,PG,33,0,9.4,1.2,2.2,.556,0.3,0.8,.440,0.9,1.4,.617,.632,0.3,0.4,.769,0.2,0.8,1.1,1.3,0.4,0.3,0.6,0.5,3.1,,2025
496,Terrence Shannon Jr.,24,MIN,SG,16,0,8.0,1.3,2.7,.465,0.3,0.9,.267,1.0,1.8,.571,.512,0.4,0.5,.750,0.3,0.7,0.9,0.9,0.3,0.1,0.4,0.4,3.1,,2025
497,JT Thor,22,CLE,PF,9,0,4.7,1.0,1.7,.600,0.3,0.7,.500,0.7,1.0,.667,.700,0.8,0.9,.875,0.3,0.3,0.7,0.1,0.2,0.3,0.7,0.7,3.1,,2025
498,Jarred Vanderbilt,25,LAL,PF,9,0,16.6,1.3,3.1,.429,0.2,0.9,.250,1.1,2.2,.500,.464,0.2,0.7,.333,2.1,4.0,6.1,1.2,1.2,0.1,0.9,1.7,3.1,,2025
499,Dominick Barlow,21,ATL,SF,16,2,8.2,1.3,2.8,.455,0.3,0.8,.333,1.0,2.0,.500,.500,0.3,0.5,.500,0.4,1.3,1.6,0.3,0.2,0.4,0.1,0.8,3.0,,2025
500,Adem Bona,21,PHI,C,37,1,11.1,1.1,1.6,.695,0.0,0.0,,1.1,1.6,.695,.695,0.8,1.2,.636,1.0,1.8,2.8,0.3,0.2,0.8,0.7,1.9,3.0,,2025
501,Maxi Kleber,33,DAL,PF,34,4,18.7,1.1,2.8,.385,0.4,1.4,.265,0.7,1.4,.511,.453,0.5,0.6,.762,0.7,2.1,2.8,1.3,0.3,0.5,0.7,1.9,3.0,,2025
502,Taze Moore,26,POR,SG,2,0,10.0,1.0,5.0,.200,0.5,2.0,.250,0.5,3.0,.167,.250,0.5,1.0,.500,2.0,2.0,4.0,0.5,1.0,0.0,1.0,0.0,3.0,,2025
503,Pat Spencer,28,GSW,PG,23,0,7.5,1.2,3.0,.412,0.1,0.5,.167,1.1,2.4,.464,.426,0.5,0.7,.733,0.4,1.0,1.4,1.5,0.4,0.1,0.6,0.7,3.0,,2025
504,Blake Wesley,21,SAS,SG,32,0,9.0,1.2,2.6,.458,0.1,0.7,.182,1.1,1.9,.557,.482,0.5,0.7,.739,0.2,0.5,0.7,1.9,0.4,0.1,0.9,0.5,3.0,,2025
505,Jae Crowder,34,SAC,PF,7,2,13.1,0.9,2.4,.353,0.4,1.7,.250,0.4,0.7,.600,.441,0.7,0.9,.833,0.9,1.6,2.4,0.6,0.4,0.0,0.6,1.4,2.9,,2025
506,Taj Gibson,39,CHO,C,24,11,11.9,1.2,2.6,.460,0.0,0.1,.500,1.2,2.5,.459,.468,0.5,0.7,.688,1.6,2.3,3.9,0.6,0.3,0.5,0.8,1.6,2.9,,2025
507,Caleb Houstan,22,ORL,SF,37,5,11.8,0.9,2.8,.324,0.8,2.5,.319,0.1,0.4,.357,.462,0.3,0.3,.909,0.4,0.6,1.0,0.4,0.2,0.1,0.1,1.0,2.9,,2025
508,Tyler Smith,20,MIL,PF,15,0,5.0,1.1,2.3,.500,0.5,1.3,.400,0.6,0.9,.643,.618,0.1,0.3,.500,0.3,1.0,1.3,0.3,0.1,0.2,0.4,0.5,2.9,,2025
509,Branden Carlson,25,OKC,C,18,0,5.8,1.0,2.1,.474,0.7,1.7,.433,0.3,0.4,.625,.645,0.1,0.1,1.000,0.3,1.2,1.4,0.3,0.1,0.3,0.1,0.7,2.8,,2025
510,Mason Jones,26,SAC,SG,5,0,5.6,1.2,2.4,.500,0.2,1.2,.167,1.0,1.2,.833,.542,0.2,0.4,.500,0.4,1.2,1.6,1.8,0.0,0.0,0.2,0.2,2.8,,2025
511,A.J. Lawson,24,TOR,SG,4,0,3.8,1.0,2.0,.500,0.5,1.3,.400,0.5,0.8,.667,.625,0.3,0.8,.333,0.3,0.5,0.8,0.0,0.0,0.0,0.0,0.0,2.8,,2025
512,AJ Johnson,20,2TM,SG,10,0,7.0,1.1,2.7,.407,0.4,1.0,.400,0.7,1.7,.412,.481,0.1,0.2,.500,0.0,0.9,0.9,1.2,0.1,0.0,0.5,0.5,2.7,,2025
513,AJ Johnson,20,MIL,SG,7,0,6.3,1.1,2.7,.421,0.4,0.7,.600,0.7,2.0,.357,.500,0.1,0.3,.500,0.0,1.0,1.0,1.0,0.1,0.0,0.6,0.0,2.9,,2025
514,AJ Johnson,20,WAS,SG,3,0,8.7,1.0,2.7,.375,0.3,1.7,.200,0.7,1.0,.667,.438,0.0,0.0,,0.0,0.7,0.7,1.7,0.0,0.0,0.3,1.7,2.3,,2025
515,Drew Peterson,25,BOS,PF,14,0,9.1,0.9,1.8,.480,0.6,1.4,.421,0.3,0.4,.667,.640,0.4,0.5,.857,0.4,1.6,1.9,0.8,0.1,0.1,0.4,0.9,2.7,,2025
516,Kobe Brown,25,LAC,PF,23,0,7.6,1.1,2.3,.500,0.2,0.8,.222,1.0,1.5,.647,.538,0.2,0.2,.800,0.7,1.4,2.0,0.7,0.1,0.1,0.3,0.7,2.6,,2025
517,John Konchar,28,MEM,SG,29,3,13.0,1.0,2.3,.424,0.5,1.6,.326,0.4,0.7,.650,.538,0.2,0.2,.833,0.9,2.7,3.6,1.0,0.5,0.4,0.3,0.9,2.6,,2025
518,Zeke Nnaji,24,DEN,PF,34,2,8.3,1.1,2.2,.493,0.2,0.8,.222,0.9,1.4,.646,.533,0.3,0.4,.600,0.4,1.0,1.4,0.3,0.3,0.4,0.2,0.9,2.6,,2025
519,E.J. Liddell,24,CHI,PF,6,0,5.2,0.8,1.3,.625,0.5,1.0,.500,0.3,0.3,1.000,.813,0.3,0.3,1.000,0.2,0.7,0.8,0.5,0.2,0.2,0.3,1.3,2.5,,2025
520,Josh Minott,22,MIN,SF,33,0,6.8,1.0,2.2,.451,0.2,0.9,.226,0.8,1.2,.625,.500,0.3,0.4,.846,0.3,0.8,1.1,0.4,0.4,0.3,0.2,0.8,2.5,,2025
521,Jackson Rowe,28,GSW,PF,4,0,8.5,1.0,3.0,.333,0.5,2.3,.222,0.5,0.8,.667,.417,0.0,0.5,.000,0.0,1.8,1.8,0.8,0.8,0.0,0.0,1.0,2.5,,2025
522,Delon Wright,32,2TM,PG,27,2,15.1,0.8,3.0,.268,0.4,1.8,.245,0.4,1.2,.303,.341,0.3,0.6,.563,0.6,1.1,1.7,1.8,0.9,0.3,0.5,0.6,2.4,,2025
523,Delon Wright,32,MIL,PG,26,2,15.6,0.8,3.2,.268,0.5,1.9,.245,0.4,1.3,.303,.341,0.3,0.6,.563,0.6,1.2,1.8,1.8,0.9,0.3,0.5,0.7,2.5,,2025
524,Delon Wright,32,NYK,PG,1,0,3.0,0.0,0.0,,0.0,0.0,,0.0,0.0,,,0.0,0.0,,0.0,0.0,0.0,0.0,0.0,0.0,0.0,0.0,0.0,,2025
525,Johnny Davis,22,WAS,SG,34,0,7.1,0.9,2.3,.410,0.2,0.9,.241,0.7,1.4,.510,.455,0.3,0.4,.600,0.3,0.8,1.1,0.3,0.4,0.2,0.2,0.5,2.4,,2025
526,Trey Jemison,25,2TM,C,23,0,9.8,1.0,2.0,.511,0.0,0.0,,1.0,2.0,.511,.511,0.4,1.1,.360,1.1,1.6,2.7,0.5,0.3,0.4,0.6,1.9,2.4,,2025
527,Trey Jemison,25,NOP,C,16,0,10.4,0.9,2.0,.469,0.0,0.0,,0.9,2.0,.469,.469,0.5,1.3,.381,1.4,1.4,2.8,0.6,0.4,0.4,0.6,1.7,2.4,,2025
528,Trey Jemison,25,LAL,C,7,0,8.6,1.1,1.9,.615,0.0,0.0,,1.1,1.9,.615,.615,0.1,0.6,.250,0.6,2.0,2.6,0.3,0.1,0.6,0.6,2.3,2.4,,2025
529,Rayan Rupert,20,POR,SG,37,0,7.9,0.9,2.1,.405,0.3,1.0,.278,0.6,1.2,.512,.468,0.4,0.5,.722,0.6,0.6,1.2,0.4,0.2,0.1,0.5,0.5,2.4,,2025
530,Markieff Morris,35,2TM,PF,10,0,6.1,0.8,3.2,.250,0.5,2.0,.250,0.3,1.2,.250,.328,0.2,0.2,1.000,0.0,0.9,0.9,0.7,0.1,0.1,0.3,0.5,2.3,,2025
531,Markieff Morris,35,DAL,PF,7,0,5.9,0.7,3.1,.227,0.3,1.9,.154,0.4,1.3,.333,.273,0.0,0.0,,0.0,1.1,1.1,0.6,0.1,0.1,0.3,0.3,1.7,,2025
532,Markieff Morris,35,LAL,PF,3,0,6.7,1.0,3.3,.300,1.0,2.3,.429,0.0,1.0,.000,.450,0.7,0.7,1.000,0.0,0.3,0.3,1.0,0.0,0.0,0.3,1.0,3.7,,2025
533,Vlatko Čančar,27,DEN,PF,4,0,8.5,1.0,1.8,.571,0.3,0.5,.500,0.8,1.3,.600,.643,0.0,0.0,,0.8,1.3,2.0,0.0,0.0,0.3,0.5,1.0,2.3,,2025
534,Lester Quiñones,24,PHI,SG,4,0,4.3,1.0,2.0,.500,0.0,0.8,.000,1.0,1.3,.800,.500,0.3,0.3,1.000,0.8,0.3,1.0,0.3,0.0,0.0,1.0,0.0,2.3,,2025
535,Duop Reath,28,POR,C,26,0,5.3,0.8,2.0,.385,0.5,1.4,.333,0.3,0.6,.500,.500,0.3,0.4,.800,0.3,0.5,0.8,0.2,0.0,0.1,0.2,0.6,2.3,,2025
536,Dillon Jones,23,OKC,SF,35,0,9.2,0.8,2.4,.333,0.3,1.3,.200,0.5,1.1,.487,.387,0.3,0.6,.550,0.7,1.4,2.1,1.0,0.2,0.1,0.4,1.0,2.2,,2025
537,Kai Jones,24,LAC,C,28,0,7.4,0.9,1.3,.722,0.0,0.1,.000,0.9,1.2,.765,.722,0.3,0.4,.750,0.5,1.1,1.6,0.4,0.2,0.5,0.4,0.8,2.2,,2025
538,Christian Koloko,24,LAL,C,29,0,8.5,1.0,1.5,.651,0.0,0.1,.000,1.0,1.4,.683,.651,0.2,0.3,.875,1.0,1.2,2.2,0.4,0.2,0.3,0.2,1.1,2.2,,2025
539,Hunter Tyson,24,DEN,PF,39,0,7.7,0.7,1.8,.375,0.4,1.2,.319,0.3,0.6,.480,.479,0.4,0.6,.696,0.3,1.2,1.5,0.4,0.1,0.1,0.3,0.9,2.2,,2025
540,Patrick Baldwin Jr.,22,WAS,SF,22,0,4.6,0.8,1.5,.515,0.5,1.0,.524,0.3,0.5,.500,.682,0.1,0.2,.500,0.2,0.8,1.0,0.1,0.1,0.1,0.2,0.2,2.1,,2025
541,Chris Duarte,27,CHI,SG,17,0,4.4,0.7,1.5,.462,0.4,0.9,.400,0.4,0.6,.545,.577,0.4,0.5,.750,0.3,0.9,1.2,0.5,0.0,0.0,0.1,0.4,2.1,,2025
542,Kessler Edwards,24,DAL,SF,26,6,11.2,0.8,2.0,.415,0.3,0.9,.292,0.6,1.1,.517,.481,0.1,0.1,1.000,0.4,1.7,2.1,0.9,0.4,0.4,0.3,1.0,2.1,,2025
543,Pete Nance,24,PHI,C,7,0,9.7,0.7,2.1,.333,0.6,1.7,.333,0.1,0.4,.333,.467,0.1,0.3,.500,0.3,1.1,1.4,0.4,0.1,0.0,0.0,1.4,2.1,,2025
544,Reece Beekman,23,2TM,PG,22,0,10.1,0.8,2.3,.353,0.2,0.9,.211,0.6,1.5,.438,.392,0.2,0.4,.556,0.2,0.5,0.7,1.4,0.6,0.1,0.5,0.6,2.0,,2025
545,Reece Beekman,23,GSW,PG,2,0,2.0,0.5,0.5,1.000,0.0,0.0,,0.5,0.5,1.000,1.000,0.0,0.0,,0.5,0.0,0.5,0.5,0.5,0.0,0.0,0.5,1.0,,2025
546,Reece Beekman,23,BRK,PG,20,0,10.9,0.9,2.5,.340,0.2,1.0,.211,0.7,1.6,.419,.380,0.3,0.5,.556,0.2,0.5,0.7,1.5,0.6,0.1,0.6,0.7,2.2,,2025
547,MarJon Beauchamp,24,2TM,SF,28,0,4.5,0.7,1.8,.388,0.3,0.8,.348,0.4,0.9,.423,.469,0.3,0.4,.750,0.3,0.9,1.1,0.3,0.1,0.0,0.5,0.4,2.0,,2025
548,MarJon Beauchamp,24,MIL,SF,26,0,4.7,0.7,1.8,.383,0.3,0.8,.333,0.4,1.0,.423,.457,0.3,0.5,.750,0.3,1.0,1.2,0.3,0.1,0.0,0.5,0.4,2.0,,2025
549,MarJon Beauchamp,24,LAC,SF,2,0,2.5,0.5,1.0,.500,0.5,1.0,.500,0.0,0.0,,.750,0.0,0.0,,0.0,0.0,0.0,0.5,0.0,0.0,0.0,0.0,1.5,,2025
550,Keion Brooks Jr.,24,NOP,SF,2,0,5.0,0.5,1.0,.500,0.0,0.5,.000,0.5,0.5,1.000,.500,1.0,2.0,.500,0.5,1.0,1.5,0.5,0.0,0.0,0.0,0.5,2.0,,2025
551,Jalen Hood-Schifino,21,LAL,SG,2,0,7.0,0.5,0.5,1.000,0.0,0.0,,0.5,0.5,1.000,1.000,1.0,1.0,1.000,0.5,0.0,0.5,0.5,0.0,0.5,0.5,1.5,2.0,,2025
552,Cory Joseph,33,ORL,PG,31,0,7.3,0.7,2.0,.361,0.5,1.4,.357,0.2,0.6,.368,.484,0.1,0.1,.500,0.2,0.5,0.7,0.8,0.4,0.1,0.4,0.6,2.0,,2025
553,Alex Reese,25,OKC,PF,1,0,2.0,1.0,1.0,1.000,0.0,0.0,,1.0,1.0,1.000,1.000,0.0,0.0,,1.0,0.0,1.0,0.0,0.0,0.0,0.0,0.0,2.0,,2025
554,Adama Sanogo,22,CHI,C,4,0,5.3,1.0,1.8,.571,0.0,0.0,,1.0,1.8,.571,.571,0.0,0.0,,1.3,0.3,1.5,0.3,0.0,0.0,0.3,0.3,2.0,,2025
555,Jordan McLaughlin,28,2TM,PG,29,0,6.6,0.6,1.5,.364,0.3,0.9,.385,0.2,0.6,.333,.477,0.4,0.6,.688,0.1,0.6,0.7,0.8,0.4,0.0,0.4,0.4,1.8,,2025
556,Jordan McLaughlin,28,SAC,PG,28,0,6.8,0.6,1.6,.364,0.4,0.9,.385,0.2,0.6,.333,.477,0.4,0.6,.688,0.1,0.6,0.8,0.9,0.4,0.0,0.4,0.5,1.9,,2025
557,Jordan McLaughlin,28,SAS,PG,1,0,0.0,0.0,0.0,,0.0,0.0,,0.0,0.0,,,0.0,0.0,,0.0,0.0,0.0,0.0,0.0,0.0,0.0,0.0,0.0,,2025
558,Cam Christie,19,LAC,SG,6,0,5.2,0.7,2.0,.333,0.3,1.3,.250,0.3,0.7,.500,.417,0.2,0.3,.500,0.2,0.8,1.0,0.3,0.3,0.0,0.3,0.3,1.8,,2025
559,Johnny Furphy,20,IND,SG,34,0,7.1,0.6,1.7,.368,0.3,0.9,.344,0.3,0.7,.400,.465,0.3,0.3,1.000,0.5,0.7,1.2,0.3,0.3,0.2,0.3,0.7,1.8,,2025
560,Anthony Gill,32,WAS,PF,37,0,5.6,0.6,1.2,.500,0.1,0.4,.333,0.5,0.8,.586,.557,0.5,0.8,.607,0.2,0.6,0.8,0.2,0.2,0.1,0.2,0.5,1.8,,2025
561,Tyler Kolek,23,NYK,PG,29,0,5.1,0.6,1.6,.383,0.4,1.0,.393,0.2,0.7,.368,.500,0.2,0.2,1.000,0.1,0.4,0.5,0.8,0.2,0.0,0.3,0.4,1.8,,2025
562,Leonard Miller,21,MIN,SF,8,0,2.8,0.4,1.5,.250,0.0,0.6,.000,0.4,0.9,.429,.250,1.0,1.0,1.000,0.4,0.9,1.3,0.0,0.1,0.1,0.3,0.3,1.8,,2025
563,Enrique Freeman,24,IND,PF,19,1,7.3,0.6,1.3,.480,0.1,0.3,.167,0.6,1.0,.579,.500,0.4,0.7,.538,0.3,0.7,1.0,0.4,0.1,0.1,0.3,0.9,1.7,,2025
564,Jaden Springer,22,BOS,SG,26,0,5.4,0.5,1.3,.353,0.2,0.7,.316,0.2,0.6,.400,.441,0.6,0.8,.714,0.2,0.8,0.9,0.4,0.5,0.0,0.2,0.7,1.7,,2025
565,Tristan Thompson,33,CLE,C,28,0,7.8,0.8,1.7,.438,0.0,0.1,.000,0.8,1.6,.467,.438,0.2,0.8,.227,0.7,2.3,3.0,0.7,0.0,0.3,0.4,0.9,1.7,,2025
566,Keshad Johnson,23,MIA,SF,10,0,5.7,0.7,1.2,.583,0.1,0.4,.250,0.6,0.8,.750,.625,0.1,0.6,.167,0.2,1.5,1.7,0.3,0.1,0.4,0.3,0.5,1.6,,2025
567,Bryce McGowens,22,POR,SG,8,0,2.6,0.5,0.9,.571,0.0,0.3,.000,0.5,0.6,.800,.571,0.6,0.8,.833,0.1,0.0,0.1,0.1,0.1,0.0,0.4,0.3,1.6,,2025
568,Jericho Sims,26,NYK,C,39,5,10.8,0.7,1.2,.609,0.0,0.0,,0.7,1.2,.609,.609,0.2,0.3,.615,1.3,2.0,3.3,0.6,0.2,0.3,0.5,1.2,1.6,,2025
569,Armel Traoré,22,LAL,SF,9,0,7.4,0.7,2.1,.316,0.0,0.8,.000,0.7,1.3,.500,.316,0.2,0.8,.286,0.2,1.4,1.7,0.1,0.4,0.2,0.3,0.7,1.6,,2025
570,Jordan Walsh,20,BOS,PF,37,1,7.6,0.5,1.5,.357,0.3,1.1,.282,0.2,0.5,.529,.455,0.2,0.3,.583,0.4,0.7,1.1,0.3,0.2,0.2,0.2,0.5,1.6,,2025
571,Alex Len,31,2TM,C,37,3,7.6,0.6,1.2,.522,0.0,0.2,.167,0.6,1.1,.575,.533,0.2,0.4,.538,0.7,1.2,1.9,0.9,0.2,0.5,0.3,1.0,1.5,,2025
572,Alex Len,31,SAC,C,36,3,7.2,0.6,1.1,.537,0.0,0.2,.167,0.6,1.0,.600,.549,0.2,0.4,.538,0.7,1.1,1.8,0.8,0.2,0.5,0.3,1.0,1.4,,2025
573,Alex Len,31,LAL,C,1,0,22.0,2.0,5.0,.400,0.0,0.0,,2.0,5.0,.400,.400,0.0,0.0,,2.0,5.0,7.0,2.0,0.0,1.0,0.0,3.0,4.0,,2025
574,Pacome Dadiet,19,NYK,SG,13,0,6.4,0.5,1.5,.300,0.4,1.1,.357,0.1,0.5,.167,.425,0.2,0.2,1.000,0.0,1.0,1.0,0.4,0.1,0.2,0.1,0.4,1.5,,2025
575,Alex Ducas,24,OKC,SG,15,0,4.7,0.5,1.5,.364,0.5,1.1,.438,0.1,0.4,.167,.523,0.0,0.0,,0.3,0.7,1.0,0.1,0.1,0.0,0.1,0.3,1.5,,2025
576,David Duke Jr.,25,SAS,SG,2,0,6.0,0.5,2.5,.200,0.0,0.5,.000,0.5,2.0,.250,.200,0.5,1.0,.500,0.0,1.0,1.0,1.0,0.0,0.0,0.5,0.5,1.5,,2025
577,Jazian Gortman,21,DAL,PG,16,0,3.6,0.6,1.4,.391,0.3,0.7,.364,0.3,0.8,.417,.478,0.1,0.3,.500,0.1,0.3,0.3,0.4,0.1,0.1,0.3,0.6,1.5,,2025
578,Ariel Hukporti,22,NYK,C,22,0,7.5,0.6,1.0,.609,0.0,0.0,,0.6,1.0,.609,.609,0.3,0.5,.545,0.5,1.5,1.9,0.4,0.0,0.5,0.7,1.0,1.5,,2025
579,Quincy Olivari,23,LAL,PG,2,0,5.0,0.5,2.5,.200,0.5,2.5,.200,0.0,0.0,,.300,0.0,0.0,,0.0,0.0,0.0,0.5,0.0,0.0,0.5,0.0,1.5,,2025
580,Dwight Powell,33,DAL,C,33,0,7.6,0.4,0.5,.778,0.0,0.0,1.000,0.4,0.5,.765,.806,0.6,0.9,.667,0.7,1.1,1.8,0.7,0.4,0.5,0.2,1.2,1.5,,2025
581,Colin Castleton,24,MEM,C,10,0,4.6,0.2,1.0,.200,0.0,0.4,.000,0.2,0.6,.333,.200,1.0,1.1,.909,0.3,0.6,0.9,0.0,0.1,0.1,0.1,0.6,1.4,,2025
582,Adam Flagler,25,OKC,SG,22,0,4.2,0.5,2.5,.218,0.3,2.0,.159,0.2,0.5,.455,.282,0.0,0.0,,0.1,0.2,0.4,0.0,0.2,0.1,0.0,0.4,1.4,,2025
583,Bronny James,20,LAL,SG,17,0,4.2,0.4,1.6,.250,0.2,0.8,.231,0.2,0.9,.267,.304,0.4,0.5,.667,0.1,0.4,0.4,0.5,0.2,0.1,0.3,0.4,1.4,,2025
584,Matt Ryan,27,NYK,SF,18,0,3.5,0.5,1.6,.321,0.3,0.9,.294,0.2,0.6,.364,.411,0.1,0.1,1.000,0.0,0.4,0.4,0.1,0.1,0.0,0.2,0.1,1.4,,2025
585,Sidy Cissoko,20,SAS,SF,17,0,3.2,0.5,1.1,.500,0.2,0.4,.429,0.4,0.6,.545,.583,0.1,0.4,.167,0.2,0.4,0.6,0.4,0.1,0.0,0.1,0.4,1.3,,2025
586,Jack McVeigh,28,HOU,PF,6,0,3.5,0.5,1.8,.273,0.3,1.3,.250,0.2,0.5,.333,.364,0.0,0.0,,0.2,0.5,0.7,0.2,0.0,0.2,0.2,0.2,1.3,,2025
587,JD Davison,22,BOS,PG,5,0,4.8,0.4,1.0,.400,0.2,0.6,.333,0.2,0.4,.500,.500,0.2,0.4,.500,0.0,0.4,0.4,0.2,0.2,0.0,1.2,0.2,1.2,,2025
588,Yuki Kawamura,23,MEM,PG,20,0,3.2,0.4,1.1,.364,0.2,0.8,.250,0.2,0.3,.667,.455,0.2,0.3,.667,0.0,0.4,0.4,0.7,0.1,0.0,0.2,0.4,1.2,,2025
589,Chris Livingston,21,MIL,SF,12,1,4.8,0.4,1.1,.385,0.0,0.3,.000,0.4,0.8,.556,.385,0.3,0.5,.667,0.5,1.1,1.6,0.1,0.3,0.0,0.4,0.3,1.2,,2025
590,PJ Hall,22,DEN,C,14,0,3.0,0.4,0.9,.500,0.0,0.3,.000,0.4,0.6,.750,.500,0.2,0.3,.750,0.2,0.8,1.0,0.2,0.0,0.1,0.1,0.4,1.1,,2025
591,Colby Jones,22,SAC,SG,24,0,5.4,0.5,1.1,.423,0.2,0.4,.400,0.3,0.7,.438,.500,0.0,0.0,,0.3,0.6,1.0,0.3,0.3,0.3,0.3,0.5,1.1,,2025
592,Trey Alexander,21,DEN,SG,18,0,4.4,0.4,1.3,.292,0.1,0.6,.200,0.3,0.8,.357,.333,0.1,0.1,1.000,0.0,0.5,0.5,0.4,0.1,0.1,0.2,0.4,1.0,,2025
593,Jared Rhoden,25,CHO,SG,4,0,3.0,0.5,2.0,.250,0.0,0.5,.000,0.5,1.5,.333,.250,0.0,0.0,,0.5,0.5,1.0,0.5,0.3,0.0,0.3,0.3,1.0,,2025
594,Luke Travers,23,CLE,SG,8,0,6.4,0.4,1.1,.333,0.0,0.5,.000,0.4,0.6,.600,.333,0.3,0.3,1.000,0.5,0.8,1.3,0.6,0.1,0.1,0.6,0.5,1.0,,2025
595,Emoni Bates,21,CLE,SF,7,0,3.9,0.3,2.0,.143,0.3,1.6,.182,0.0,0.4,.000,.214,0.0,0.0,,0.0,0.0,0.0,0.6,0.1,0.0,0.0,0.3,0.9,,2025
596,Joe Ingles,37,MIN,SF,16,0,6.4,0.4,1.2,.316,0.2,0.8,.250,0.2,0.4,.429,.395,0.0,0.0,,0.1,0.6,0.7,1.3,0.1,0.0,0.4,0.6,0.9,,2025
597,Xavier Tillman Sr.,26,BOS,C,27,1,7.3,0.4,1.5,.244,0.1,0.9,.174,0.2,0.7,.333,.293,0.0,0.1,.500,0.3,1.0,1.3,0.3,0.3,0.2,0.3,0.6,0.9,,2025
598,Maxwell Lewis,22,2TM,SF,9,0,3.4,0.3,0.8,.429,0.1,0.1,1.000,0.2,0.7,.333,.500,0.0,0.0,,0.2,0.0,0.2,0.2,0.1,0.0,0.2,0.1,0.8,,2025
599,Maxwell Lewis,22,LAL,SF,7,0,4.1,0.3,0.9,.333,0.0,0.0,,0.3,0.9,.333,.333,0.0,0.0,,0.3,0.0,0.3,0.3,0.1,0.0,0.3,0.1,0.6,,2025
600,Maxwell Lewis,22,BRK,SF,2,0,1.0,0.5,0.5,1.000,0.5,0.5,1.000,0.0,0.0,,1.500,0.0,0.0,,0.0,0.0,0.0,0.0,0.0,0.0,0.0,0.0,1.5,,2025
601,Jaylen Martin,21,2TM,SF,4,0,1.8,0.3,1.0,.250,0.3,0.3,1.000,0.0,0.8,.000,.375,0.0,0.0,,0.3,0.3,0.5,0.0,0.0,0.0,0.0,0.3,0.8,,2025
602,Jaylen Martin,21,BRK,SF,3,0,1.7,0.3,0.7,.500,0.3,0.3,1.000,0.0,0.3,.000,.750,0.0,0.0,,0.0,0.0,0.0,0.0,0.0,0.0,0.0,0.3,1.0,,2025
603,Jaylen Martin,21,WAS,SF,1,0,2.0,0.0,2.0,.000,0.0,0.0,,0.0,2.0,.000,.000,0.0,0.0,,1.0,1.0,2.0,0.0,0.0,0.0,0.0,0.0,0.0,,2025
604,Jalen Bridges,23,PHO,SF,5,0,5.0,0.2,0.8,.250,0.2,0.8,.250,0.0,0.0,,.375,0.2,0.4,.500,0.0,0.6,0.6,0.0,0.0,0.0,0.8,0.0,0.8,,2025
605,D.J. Carton,24,TOR,SG,4,0,8.3,0.3,1.8,.143,0.0,0.8,.000,0.3,1.0,.250,.143,0.3,0.3,1.000,0.0,1.0,1.0,0.8,0.5,0.0,1.0,0.3,0.8,,2025
606,Josh Christopher,23,MIA,SG,8,0,3.5,0.3,0.9,.286,0.0,0.1,.000,0.3,0.8,.333,.286,0.3,0.5,.500,0.0,0.4,0.4,0.5,0.0,0.1,0.5,0.1,0.8,,2025
607,Isaiah Crawford,23,SAC,SF,4,0,3.5,0.3,0.8,.333,0.0,0.3,.000,0.3,0.5,.500,.333,0.3,0.5,.500,0.0,1.0,1.0,0.0,0.0,0.0,0.0,0.3,0.8,,2025
608,RayJ Dennis,23,IND,PG,6,0,1.8,0.2,0.5,.333,0.2,0.5,.333,0.0,0.0,,.500,0.3,0.3,1.000,0.2,0.3,0.5,0.2,0.3,0.0,0.3,0.2,0.8,,2025
609,PJ Dozier,28,MIN,SG,9,0,3.9,0.2,0.3,.667,0.2,0.3,.667,0.0,0.0,,1.000,0.1,0.7,.167,0.1,0.4,0.6,0.6,0.1,0.0,0.1,0.3,0.8,,2025
610,James Johnson,37,IND,PF,10,0,3.2,0.4,0.9,.444,0.0,0.3,.000,0.4,0.6,.667,.444,0.0,0.1,.000,0.0,0.5,0.5,0.4,0.0,0.2,0.4,0.4,0.8,,2025
611,Baylor Scheierman,24,BOS,SG,12,0,6.2,0.3,1.6,.158,0.1,1.2,.071,0.2,0.4,.400,.184,0.2,0.2,1.000,0.2,1.3,1.5,0.6,0.3,0.0,0.1,0.5,0.8,,2025
612,Ulrich Chomche,19,TOR,PF,7,0,4.6,0.3,0.7,.400,0.0,0.0,,0.3,0.7,.400,.400,0.1,0.3,.500,0.6,0.6,1.1,0.3,0.0,0.1,0.3,0.7,0.7,,2025
613,Liam Robbins,25,MIL,C,13,0,4.4,0.2,0.6,.250,0.0,0.2,.000,0.2,0.5,.333,.250,0.4,0.8,.500,0.5,0.4,0.9,0.2,0.2,0.2,0.5,0.7,0.7,,2025
614,Cui Yongxi,21,BRK,SG,5,0,2.0,0.2,1.4,.143,0.0,0.6,.000,0.2,0.8,.250,.143,0.2,0.4,.500,0.0,0.4,0.4,0.0,0.0,0.0,0.0,0.0,0.6,,2025
615,Garrett Temple,38,TOR,SG,17,0,3.9,0.2,0.9,.200,0.1,0.4,.143,0.1,0.5,.250,.233,0.2,0.2,1.000,0.1,0.5,0.6,0.6,0.4,0.1,0.2,0.4,0.6,,2025
616,Stanley Umude,25,MIL,SG,19,0,3.2,0.2,1.1,.200,0.1,0.6,.182,0.1,0.5,.222,.250,0.1,0.2,.500,0.2,0.5,0.7,0.1,0.2,0.1,0.1,0.3,0.6,,2025
617,Spencer Jones,23,DEN,SF,10,0,2.7,0.2,0.8,.250,0.1,0.6,.167,0.1,0.2,.500,.313,0.0,0.0,,0.1,0.3,0.4,0.0,0.3,0.0,0.2,0.4,0.5,,2025
618,Tristen Newton,23,2TM,SG,8,0,2.0,0.1,1.0,.125,0.0,0.4,.000,0.1,0.6,.200,.125,0.1,0.1,1.000,0.3,0.3,0.5,0.3,0.1,0.0,0.3,0.5,0.4,,2025
619,Tristen Newton,23,IND,SG,5,0,1.6,0.2,1.2,.167,0.0,0.6,.000,0.2,0.6,.333,.167,0.2,0.2,1.000,0.0,0.0,0.0,0.2,0.0,0.0,0.2,0.4,0.6,,2025
620,Tristen Newton,23,MIN,SG,3,0,2.7,0.0,0.7,.000,0.0,0.0,,0.0,0.7,.000,.000,0.0,0.0,,0.7,0.7,1.3,0.3,0.3,0.0,0.3,0.7,0.0,,2025
621,Jacob Toppin,24,NYK,SF,16,0,3.1,0.2,0.6,.300,0.0,0.1,.000,0.2,0.5,.375,.300,0.0,0.0,,0.1,0.6,0.7,0.3,0.1,0.0,0.1,0.2,0.4,,2025
622,Malevy Leons,25,OKC,SF,6,0,3.5,0.0,0.3,.000,0.0,0.2,.000,0.0,0.2,.000,.000,0.3,0.7,.500,0.2,0.3,0.5,0.2,0.0,0.0,0.2,0.7,0.3,,2025
623,Daishen Nix,22,MIN,PG,3,0,4.3,0.0,0.3,.000,0.0,0.3,.000,0.0,0.0,,.000,0.3,0.7,.500,0.0,1.3,1.3,1.0,0.0,0.0,1.3,0.3,0.3,,2025
624,Bismack Biyombo,32,SAS,C,1,0,0.0,0.0,0.0,,0.0,0.0,,0.0,0.0,,,0.0,0.0,,0.0,0.0,0.0,0.0,0.0,0.0,0.0,0.0,0.0,,2025
625,Harrison Ingram,22,SAS,SF,2,0,5.5,0.0,1.0,.000,0.0,0.5,.000,0.0,0.5,.000,.000,0.0,0.0,,0.0,1.0,1.0,0.0,0.0,0.0,0.0,0.5,0.0,,2025
626,Daniss Jenkins,23,DET,PG,4,0,2.0,0.0,1.0,.000,0.0,1.0,.000,0.0,0.0,,.000,0.0,0.0,,0.0,0.0,0.0,0.0,0.0,0.0,0.3,0.3,0.0,,2025
627,Bobi Klintman,21,DET,SF,3,0,2.7,0.0,0.7,.000,0.0,0.3,.000,0.0,0.3,.000,.000,0.0,0.0,,0.0,0.7,0.7,0.3,0.0,0.0,0.0,0.7,0.0,,2025
628,Mac McClung,26,ORL,SG,1,0,5.0,0.0,0.0,,0.0,0.0,,0.0,0.0,,,0.0,0.0,,0.0,1.0,1.0,2.0,0.0,0.0,0.0,0.0,0.0,,2025
629,Justin Minaya,25,POR,SF,6,0,3.0,0.0,0.2,.000,0.0,0.0,,0.0,0.2,.000,.000,0.0,0.0,,0.3,0.2,0.5,0.3,0.2,0.0,0.0,0.5,0.0,,2025
630,Riley Minix,24,SAS,SF,1,0,7.0,0.0,1.0,.000,0.0,1.0,.000,0.0,0.0,,.000,0.0,0.0,,0.0,2.0,2.0,0.0,0.0,0.0,0.0,0.0,0.0,,2025
631,Jahlil Okafor,29,IND,C,1,0,3.0,0.0,0.0,,0.0,0.0,,0.0,0.0,,,0.0,0.0,,0.0,1.0,1.0,1.0,0.0,0.0,0.0,0.0,0.0,,2025
632,Chuma Okeke,26,PHI,PF,1,0,2.0,0.0,0.0,,0.0,0.0,,0.0,0.0,,,0.0,0.0,,0.0,1.0,1.0,0.0,0.0,0.0,0.0,0.0,0.0,,2025
633,Zyon Pullin,23,MEM,SG,3,0,1.0,0.0,0.3,.000,0.0,0.0,,0.0,0.3,.000,.000,0.0,0.0,,0.0,0.0,0.0,0.0,0.0,0.0,0.0,0.0,0.0,,2025
634,Cole Swider,25,DET,SF,2,0,6.5,0.0,2.5,.000,0.0,2.5,.000,0.0,0.0,,.000,0.0,0.0,,0.0,1.0,1.0,0.5,0.0,0.0,0.0,0.5,0.0,,2025
